Ticker,Model,Strategy,Year,Probability Up,Expected Return (%),Decision,Predicted,Actual,Actual Return (%),VaR (%),ES (%),Strategy Return (%)
AAPL,GARCH,Expected Return,2016,0.8722,57.082957688010275,BUY,38.33436514520668,23.66843605041504,-3.013707816324468,-16.306712327964867,-27.785799617225067,-3.013707816324468
AAPL,GARCH,Expected Return,2017,0.8115,41.81230498828896,BUY,33.56475471777271,26.622358322143555,12.480428641066535,-23.744403786500254,-33.47288972026926,12.480428641066535
AAPL,GARCH,Expected Return,2018,0.8226,40.68847696320989,BUY,37.454590455112125,39.52470397949219,48.464322736640916,-20.134228754656192,-29.941130623886032,48.464322736640916
AAPL,GARCH,Expected Return,2019,0.7988,32.90613922633746,BUY,52.53075809978163,37.39424133300781,-5.3902051931616946,-21.065026347620723,-29.666910959635473,-5.3902051931616946
AAPL,GARCH,Expected Return,2020,0.8664,39.68125421348986,BUY,52.23274529756454,70.65934753417969,88.95783151457827,-13.064510012386316,-22.336217085192533,88.95783151457827
AAPL,GARCH,Expected Return,2021,0.8475,35.887170121003955,BUY,96.01698779016216,128.81675720214844,82.30674595436443,-14.631419362384591,-23.63342523664835,82.30674595436443
AAPL,GARCH,Expected Return,2022,0.8509,40.657759005102214,BUY,181.1907639035856,173.44943237304688,34.64819029783342,-16.53380533552477,-25.882478624561543,34.64819029783342
AAPL,GARCH,Expected Return,2023,0.8566,40.79373614446229,BUY,244.20593615937517,127.6515121459961,-26.40419146979436,-15.2351157019142,-25.39254822983989,-26.40419146979436
AAPL,GARCH,Expected Return,2024,0.8028,33.78804756211001,BUY,170.7824657836379,190.21102905273438,49.00805000663716,-21.02846784820435,-30.406067095022994,49.00805000663716
AAPL,GARCH,Expected Return,2025,0.8476,37.995782990572835,BUY,262.4831988757468,248.61578369140625,30.70524087353508,-15.997288416279416,-24.917132234409475,30.70524087353508
AAPL,GARCH,Probability,2016,0.8722,57.082957688010275,BUY,38.33436514520668,23.66843605041504,-3.013707816324468,-16.306712327964867,-27.785799617225067,-3.013707816324468
AAPL,GARCH,Probability,2017,0.8115,41.81230498828896,BUY,33.56475471777271,26.622358322143555,12.480428641066535,-23.744403786500254,-33.47288972026926,12.480428641066535
AAPL,GARCH,Probability,2018,0.8226,40.68847696320989,BUY,37.454590455112125,39.52470397949219,48.464322736640916,-20.134228754656192,-29.941130623886032,48.464322736640916
AAPL,GARCH,Probability,2019,0.7988,32.90613922633746,BUY,52.53075809978163,37.39424133300781,-5.3902051931616946,-21.065026347620723,-29.666910959635473,-5.3902051931616946
AAPL,GARCH,Probability,2020,0.8664,39.68125421348986,BUY,52.23274529756454,70.65934753417969,88.95783151457827,-13.064510012386316,-22.336217085192533,88.95783151457827
AAPL,GARCH,Probability,2021,0.8475,35.887170121003955,BUY,96.01698779016216,128.81675720214844,82.30674595436443,-14.631419362384591,-23.63342523664835,82.30674595436443
AAPL,GARCH,Probability,2022,0.8509,40.657759005102214,BUY,181.1907639035856,173.44943237304688,34.64819029783342,-16.53380533552477,-25.882478624561543,34.64819029783342
AAPL,GARCH,Probability,2023,0.8566,40.79373614446229,BUY,244.20593615937517,127.6515121459961,-26.40419146979436,-15.2351157019142,-25.39254822983989,-26.40419146979436
AAPL,GARCH,Probability,2024,0.8028,33.78804756211001,BUY,170.7824657836379,190.21102905273438,49.00805000663716,-21.02846784820435,-30.406067095022994,49.00805000663716
AAPL,GARCH,Probability,2025,0.8476,37.995782990572835,BUY,262.4831988757468,248.61578369140625,30.70524087353508,-15.997288416279416,-24.917132234409475,30.70524087353508
AAPL,GARCH,Probability + VaR,2016,0.8722,57.082957688010275,BUY,38.33436514520668,23.66843605041504,-3.013707816324468,-16.306712327964867,-27.785799617225067,-3.013707816324468
AAPL,GARCH,Probability + VaR,2017,0.8115,41.81230498828896,BUY,33.56475471777271,26.622358322143555,12.480428641066535,-23.744403786500254,-33.47288972026926,12.480428641066535
AAPL,GARCH,Probability + VaR,2018,0.8226,40.68847696320989,BUY,37.454590455112125,39.52470397949219,48.464322736640916,-20.134228754656192,-29.941130623886032,48.464322736640916
AAPL,GARCH,Probability + VaR,2019,0.7988,32.90613922633746,BUY,52.53075809978163,37.39424133300781,-5.3902051931616946,-21.065026347620723,-29.666910959635473,-5.3902051931616946
AAPL,GARCH,Probability + VaR,2020,0.8664,39.68125421348986,BUY,52.23274529756454,70.65934753417969,88.95783151457827,-13.064510012386316,-22.336217085192533,88.95783151457827
AAPL,GARCH,Probability + VaR,2021,0.8475,35.887170121003955,BUY,96.01698779016216,128.81675720214844,82.30674595436443,-14.631419362384591,-23.63342523664835,82.30674595436443
AAPL,GARCH,Probability + VaR,2022,0.8509,40.657759005102214,BUY,181.1907639035856,173.44943237304688,34.64819029783342,-16.53380533552477,-25.882478624561543,34.64819029783342
AAPL,GARCH,Probability + VaR,2023,0.8566,40.79373614446229,BUY,244.20593615937517,127.6515121459961,-26.40419146979436,-15.2351157019142,-25.39254822983989,-26.40419146979436
AAPL,GARCH,Probability + VaR,2024,0.8028,33.78804756211001,BUY,170.7824657836379,190.21102905273438,49.00805000663716,-21.02846784820435,-30.406067095022994,49.00805000663716
AAPL,GARCH,Probability + VaR,2025,0.8476,37.995782990572835,BUY,262.4831988757468,248.61578369140625,30.70524087353508,-15.997288416279416,-24.917132234409475,30.70524087353508
AAPL,GBM,Expected Return,2016,0.8225,47.14782537793165,BUY,35.9098055663316,23.66843605041504,-3.013707816324468,-22.01095213332094,-32.21779747605588,-3.013707816324468
AAPL,GBM,Expected Return,2017,0.7616,35.090769934107975,BUY,31.973872491867652,26.622358322143555,12.480428641066535,-27.064450588321826,-36.40809207337065,12.480428641066535
AAPL,GBM,Expected Return,2018,0.7662,33.88607777047904,BUY,35.64363136752072,39.52470397949219,48.464322736640916,-25.304084840285746,-34.13581451450165,48.464322736640916
AAPL,GBM,Expected Return,2019,0.7268,26.81991072510046,BUY,50.12519430115222,37.39424133300781,-5.3902051931616946,-27.5445037350904,-36.159154746938746,-5.3902051931616946
AAPL,GBM,Expected Return,2020,0.8391,34.11417282582314,BUY,50.15097744825549,70.65934753417969,88.95783151457827,-16.314641603853,-24.535358828494882,88.95783151457827
AAPL,GBM,Expected Return,2021,0.8171,31.35918694242614,BUY,92.81754441972167,128.81675720214844,82.30674595436443,-17.273174723790845,-25.185816919932396,82.30674595436443
AAPL,GBM,Expected Return,2022,0.8188,34.521103302559055,BUY,173.28572302690878,173.44943237304688,34.64819029783342,-18.68383225876943,-27.427350431464507,34.64819029783342
AAPL,GBM,Expected Return,2023,0.8316,36.07510354968961,BUY,236.02149470797238,127.6515121459961,-26.40419146979436,-17.737918587828027,-26.932473994405953,-26.40419146979436
AAPL,GBM,Expected Return,2024,0.7599,27.474300092339725,BUY,162.72287166539655,190.21102905273438,49.00805000663716,-23.574904406145695,-31.715172537042868,49.00805000663716
AAPL,GBM,Expected Return,2025,0.8048,32.71706831335613,BUY,252.44250136745515,248.61578369140625,30.70524087353508,-19.404895639767954,-28.172684865372727,30.70524087353508
AAPL,GBM,Probability,2016,0.8225,47.14782537793165,BUY,35.9098055663316,23.66843605041504,-3.013707816324468,-22.01095213332094,-32.21779747605588,-3.013707816324468
AAPL,GBM,Probability,2017,0.7616,35.090769934107975,BUY,31.973872491867652,26.622358322143555,12.480428641066535,-27.064450588321826,-36.40809207337065,12.480428641066535
AAPL,GBM,Probability,2018,0.7662,33.88607777047904,BUY,35.64363136752072,39.52470397949219,48.464322736640916,-25.304084840285746,-34.13581451450165,48.464322736640916
AAPL,GBM,Probability,2019,0.7268,26.81991072510046,BUY,50.12519430115222,37.39424133300781,-5.3902051931616946,-27.5445037350904,-36.159154746938746,-5.3902051931616946
AAPL,GBM,Probability,2020,0.8391,34.11417282582314,BUY,50.15097744825549,70.65934753417969,88.95783151457827,-16.314641603853,-24.535358828494882,88.95783151457827
AAPL,GBM,Probability,2021,0.8171,31.35918694242614,BUY,92.81754441972167,128.81675720214844,82.30674595436443,-17.273174723790845,-25.185816919932396,82.30674595436443
AAPL,GBM,Probability,2022,0.8188,34.521103302559055,BUY,173.28572302690878,173.44943237304688,34.64819029783342,-18.68383225876943,-27.427350431464507,34.64819029783342
AAPL,GBM,Probability,2023,0.8316,36.07510354968961,BUY,236.02149470797238,127.6515121459961,-26.40419146979436,-17.737918587828027,-26.932473994405953,-26.40419146979436
AAPL,GBM,Probability,2024,0.7599,27.474300092339725,BUY,162.72287166539655,190.21102905273438,49.00805000663716,-23.574904406145695,-31.715172537042868,49.00805000663716
AAPL,GBM,Probability,2025,0.8048,32.71706831335613,BUY,252.44250136745515,248.61578369140625,30.70524087353508,-19.404895639767954,-28.172684865372727,30.70524087353508
AAPL,GBM,Probability + VaR,2016,0.8225,47.14782537793165,BUY,35.9098055663316,23.66843605041504,-3.013707816324468,-22.01095213332094,-32.21779747605588,-3.013707816324468
AAPL,GBM,Probability + VaR,2017,0.7616,35.090769934107975,HOLD,31.973872491867652,26.622358322143555,12.480428641066535,-27.064450588321826,-36.40809207337065,0.0
AAPL,GBM,Probability + VaR,2018,0.7662,33.88607777047904,HOLD,35.64363136752072,39.52470397949219,48.464322736640916,-25.304084840285746,-34.13581451450165,0.0
AAPL,GBM,Probability + VaR,2019,0.7268,26.81991072510046,HOLD,50.12519430115222,37.39424133300781,-5.3902051931616946,-27.5445037350904,-36.159154746938746,0.0
AAPL,GBM,Probability + VaR,2020,0.8391,34.11417282582314,BUY,50.15097744825549,70.65934753417969,88.95783151457827,-16.314641603853,-24.535358828494882,88.95783151457827
AAPL,GBM,Probability + VaR,2021,0.8171,31.35918694242614,BUY,92.81754441972167,128.81675720214844,82.30674595436443,-17.273174723790845,-25.185816919932396,82.30674595436443
AAPL,GBM,Probability + VaR,2022,0.8188,34.521103302559055,BUY,173.28572302690878,173.44943237304688,34.64819029783342,-18.68383225876943,-27.427350431464507,34.64819029783342
AAPL,GBM,Probability + VaR,2023,0.8316,36.07510354968961,BUY,236.02149470797238,127.6515121459961,-26.40419146979436,-17.737918587828027,-26.932473994405953,-26.40419146979436
AAPL,GBM,Probability + VaR,2024,0.7599,27.474300092339725,BUY,162.72287166539655,190.21102905273438,49.00805000663716,-23.574904406145695,-31.715172537042868,49.00805000663716
AAPL,GBM,Probability + VaR,2025,0.8048,32.71706831335613,BUY,252.44250136745515,248.61578369140625,30.70524087353508,-19.404895639767954,-28.172684865372727,30.70524087353508
AAPL,Historical Bootstrap,Expected Return,2016,0.8268,47.64706539959661,BUY,36.031639593187755,23.66843605041504,-3.013707816324468,-21.55178356924884,-31.30741462435932,-3.013707816324468
AAPL,Historical Bootstrap,Expected Return,2017,0.7589,34.1689103173698,BUY,31.755682738005376,26.622358322143555,12.480428641066535,-28.57468522201009,-37.886941829346426,12.480428641066535
AAPL,Historical Bootstrap,Expected Return,2018,0.7687,33.80784521726825,BUY,35.62280401688038,39.52470397949219,48.464322736640916,-26.42966708722783,-35.87636187539039,48.464322736640916
AAPL,Historical Bootstrap,Expected Return,2019,0.7273,27.30462914464335,BUY,50.31677782161062,37.39424133300781,-5.3902051931616946,-27.70185509384639,-36.353985212815296,-5.3902051931616946
AAPL,Historical Bootstrap,Expected Return,2020,0.8381,33.77557807819382,BUY,50.02436251118609,70.65934753417969,88.95783151457827,-16.437527725165484,-24.773894356477758,88.95783151457827
AAPL,Historical Bootstrap,Expected Return,2021,0.8306,31.9044868260696,BUY,93.20284975960878,128.81675720214844,82.30674595436443,-16.83265447803547,-25.566176742373298,82.30674595436443
AAPL,Historical Bootstrap,Expected Return,2022,0.8163,34.33345789685312,BUY,173.04400430023958,173.44943237304688,34.64819029783342,-19.372300618628216,-28.353727342038788,34.64819029783342
AAPL,Historical Bootstrap,Expected Return,2023,0.8202,35.44721598985772,BUY,234.932427299503,127.6515121459961,-26.40419146979436,-19.204784462796557,-28.018140915831975,-26.40419146979436
AAPL,Historical Bootstrap,Expected Return,2024,0.7572,28.14092256022189,BUY,163.5738253259531,190.21102905273438,49.00805000663716,-24.53566432661087,-32.80039346157362,49.00805000663716
AAPL,Historical Bootstrap,Expected Return,2025,0.8051,32.6416472115849,BUY,252.2990421136532,248.61578369140625,30.70524087353508,-20.737193406487034,-29.357875798197053,30.70524087353508
AAPL,Historical Bootstrap,Probability,2016,0.8268,47.64706539959661,BUY,36.031639593187755,23.66843605041504,-3.013707816324468,-21.55178356924884,-31.30741462435932,-3.013707816324468
AAPL,Historical Bootstrap,Probability,2017,0.7589,34.1689103173698,BUY,31.755682738005376,26.622358322143555,12.480428641066535,-28.57468522201009,-37.886941829346426,12.480428641066535
AAPL,Historical Bootstrap,Probability,2018,0.7687,33.80784521726825,BUY,35.62280401688038,39.52470397949219,48.464322736640916,-26.42966708722783,-35.87636187539039,48.464322736640916
AAPL,Historical Bootstrap,Probability,2019,0.7273,27.30462914464335,BUY,50.31677782161062,37.39424133300781,-5.3902051931616946,-27.70185509384639,-36.353985212815296,-5.3902051931616946
AAPL,Historical Bootstrap,Probability,2020,0.8381,33.77557807819382,BUY,50.02436251118609,70.65934753417969,88.95783151457827,-16.437527725165484,-24.773894356477758,88.95783151457827
AAPL,Historical Bootstrap,Probability,2021,0.8306,31.9044868260696,BUY,93.20284975960878,128.81675720214844,82.30674595436443,-16.83265447803547,-25.566176742373298,82.30674595436443
AAPL,Historical Bootstrap,Probability,2022,0.8163,34.33345789685312,BUY,173.04400430023958,173.44943237304688,34.64819029783342,-19.372300618628216,-28.353727342038788,34.64819029783342
AAPL,Historical Bootstrap,Probability,2023,0.8202,35.44721598985772,BUY,234.932427299503,127.6515121459961,-26.40419146979436,-19.204784462796557,-28.018140915831975,-26.40419146979436
AAPL,Historical Bootstrap,Probability,2024,0.7572,28.14092256022189,BUY,163.5738253259531,190.21102905273438,49.00805000663716,-24.53566432661087,-32.80039346157362,49.00805000663716
AAPL,Historical Bootstrap,Probability,2025,0.8051,32.6416472115849,BUY,252.2990421136532,248.61578369140625,30.70524087353508,-20.737193406487034,-29.357875798197053,30.70524087353508
AAPL,Historical Bootstrap,Probability + VaR,2016,0.8268,47.64706539959661,BUY,36.031639593187755,23.66843605041504,-3.013707816324468,-21.55178356924884,-31.30741462435932,-3.013707816324468
AAPL,Historical Bootstrap,Probability + VaR,2017,0.7589,34.1689103173698,HOLD,31.755682738005376,26.622358322143555,12.480428641066535,-28.57468522201009,-37.886941829346426,0.0
AAPL,Historical Bootstrap,Probability + VaR,2018,0.7687,33.80784521726825,HOLD,35.62280401688038,39.52470397949219,48.464322736640916,-26.42966708722783,-35.87636187539039,0.0
AAPL,Historical Bootstrap,Probability + VaR,2019,0.7273,27.30462914464335,HOLD,50.31677782161062,37.39424133300781,-5.3902051931616946,-27.70185509384639,-36.353985212815296,0.0
AAPL,Historical Bootstrap,Probability + VaR,2020,0.8381,33.77557807819382,BUY,50.02436251118609,70.65934753417969,88.95783151457827,-16.437527725165484,-24.773894356477758,88.95783151457827
AAPL,Historical Bootstrap,Probability + VaR,2021,0.8306,31.9044868260696,BUY,93.20284975960878,128.81675720214844,82.30674595436443,-16.83265447803547,-25.566176742373298,82.30674595436443
AAPL,Historical Bootstrap,Probability + VaR,2022,0.8163,34.33345789685312,BUY,173.04400430023958,173.44943237304688,34.64819029783342,-19.372300618628216,-28.353727342038788,34.64819029783342
AAPL,Historical Bootstrap,Probability + VaR,2023,0.8202,35.44721598985772,BUY,234.932427299503,127.6515121459961,-26.40419146979436,-19.204784462796557,-28.018140915831975,-26.40419146979436
AAPL,Historical Bootstrap,Probability + VaR,2024,0.7572,28.14092256022189,BUY,163.5738253259531,190.21102905273438,49.00805000663716,-24.53566432661087,-32.80039346157362,49.00805000663716
AAPL,Historical Bootstrap,Probability + VaR,2025,0.8051,32.6416472115849,BUY,252.2990421136532,248.61578369140625,30.70524087353508,-20.737193406487034,-29.357875798197053,30.70524087353508
AAPL,Jump Diffusion,Expected Return,2016,0.8264,55.79117016568139,BUY,38.01911863279169,23.66843605041504,-3.013707816324468,-23.655624892558055,-34.14168204308676,-3.013707816324468
AAPL,Jump Diffusion,Expected Return,2017,0.7451,38.18125399491456,BUY,32.70534173544793,26.622358322143555,12.480428641066535,-30.75343789706771,-40.71901945193156,12.480428641066535
AAPL,Jump Diffusion,Expected Return,2018,0.7473,35.110266903285854,BUY,35.96953938499729,39.52470397949219,48.464322736640916,-30.744540435590356,-39.912789436098564,48.464322736640916
AAPL,Jump Diffusion,Expected Return,2019,0.7077,28.19833382892937,BUY,50.67001195252553,37.39424133300781,-5.3902051931616946,-31.75725299321483,-40.557852295443524,-5.3902051931616946
AAPL,Jump Diffusion,Expected Return,2020,0.8772,45.658007896214684,BUY,54.467706993562096,70.65934753417969,88.95783151457827,-13.53273318824752,-22.86534701856121,88.95783151457827
AAPL,Jump Diffusion,Expected Return,2021,0.8244,35.99162149210469,BUY,96.09079244747245,128.81675720214844,82.30674595436443,-17.377298011775526,-26.518613086191444,82.30674595436443
AAPL,Jump Diffusion,Expected Return,2022,0.7935,36.344113195078215,BUY,175.63406525392634,173.44943237304688,34.64819029783342,-23.019095720261554,-32.32939226909794,34.64819029783342
AAPL,Jump Diffusion,Expected Return,2023,0.8026,37.732596258985794,BUY,238.89640640387125,127.6515121459961,-26.40419146979436,-21.832854268418703,-31.00329426876911,-26.40419146979436
AAPL,Jump Diffusion,Expected Return,2024,0.7568,31.558279090687247,BUY,167.93613261251207,190.21102905273438,49.00805000663716,-26.53720787292289,-35.72452639684392,49.00805000663716
AAPL,Jump Diffusion,Expected Return,2025,0.8006,36.996866899473034,BUY,260.5831502994925,248.61578369140625,30.70524087353508,-22.034278822595954,-31.567557141927743,30.70524087353508
AAPL,Jump Diffusion,Probability,2016,0.8264,55.79117016568139,BUY,38.01911863279169,23.66843605041504,-3.013707816324468,-23.655624892558055,-34.14168204308676,-3.013707816324468
AAPL,Jump Diffusion,Probability,2017,0.7451,38.18125399491456,BUY,32.70534173544793,26.622358322143555,12.480428641066535,-30.75343789706771,-40.71901945193156,12.480428641066535
AAPL,Jump Diffusion,Probability,2018,0.7473,35.110266903285854,BUY,35.96953938499729,39.52470397949219,48.464322736640916,-30.744540435590356,-39.912789436098564,48.464322736640916
AAPL,Jump Diffusion,Probability,2019,0.7077,28.19833382892937,BUY,50.67001195252553,37.39424133300781,-5.3902051931616946,-31.75725299321483,-40.557852295443524,-5.3902051931616946
AAPL,Jump Diffusion,Probability,2020,0.8772,45.658007896214684,BUY,54.467706993562096,70.65934753417969,88.95783151457827,-13.53273318824752,-22.86534701856121,88.95783151457827
AAPL,Jump Diffusion,Probability,2021,0.8244,35.99162149210469,BUY,96.09079244747245,128.81675720214844,82.30674595436443,-17.377298011775526,-26.518613086191444,82.30674595436443
AAPL,Jump Diffusion,Probability,2022,0.7935,36.344113195078215,BUY,175.63406525392634,173.44943237304688,34.64819029783342,-23.019095720261554,-32.32939226909794,34.64819029783342
AAPL,Jump Diffusion,Probability,2023,0.8026,37.732596258985794,BUY,238.89640640387125,127.6515121459961,-26.40419146979436,-21.832854268418703,-31.00329426876911,-26.40419146979436
AAPL,Jump Diffusion,Probability,2024,0.7568,31.558279090687247,BUY,167.93613261251207,190.21102905273438,49.00805000663716,-26.53720787292289,-35.72452639684392,49.00805000663716
AAPL,Jump Diffusion,Probability,2025,0.8006,36.996866899473034,BUY,260.5831502994925,248.61578369140625,30.70524087353508,-22.034278822595954,-31.567557141927743,30.70524087353508
AAPL,Jump Diffusion,Probability + VaR,2016,0.8264,55.79117016568139,BUY,38.01911863279169,23.66843605041504,-3.013707816324468,-23.655624892558055,-34.14168204308676,-3.013707816324468
AAPL,Jump Diffusion,Probability + VaR,2017,0.7451,38.18125399491456,HOLD,32.70534173544793,26.622358322143555,12.480428641066535,-30.75343789706771,-40.71901945193156,0.0
AAPL,Jump Diffusion,Probability + VaR,2018,0.7473,35.110266903285854,HOLD,35.96953938499729,39.52470397949219,48.464322736640916,-30.744540435590356,-39.912789436098564,0.0
AAPL,Jump Diffusion,Probability + VaR,2019,0.7077,28.19833382892937,HOLD,50.67001195252553,37.39424133300781,-5.3902051931616946,-31.75725299321483,-40.557852295443524,0.0
AAPL,Jump Diffusion,Probability + VaR,2020,0.8772,45.658007896214684,BUY,54.467706993562096,70.65934753417969,88.95783151457827,-13.53273318824752,-22.86534701856121,88.95783151457827
AAPL,Jump Diffusion,Probability + VaR,2021,0.8244,35.99162149210469,BUY,96.09079244747245,128.81675720214844,82.30674595436443,-17.377298011775526,-26.518613086191444,82.30674595436443
AAPL,Jump Diffusion,Probability + VaR,2022,0.7935,36.344113195078215,BUY,175.63406525392634,173.44943237304688,34.64819029783342,-23.019095720261554,-32.32939226909794,34.64819029783342
AAPL,Jump Diffusion,Probability + VaR,2023,0.8026,37.732596258985794,BUY,238.89640640387125,127.6515121459961,-26.40419146979436,-21.832854268418703,-31.00329426876911,-26.40419146979436
AAPL,Jump Diffusion,Probability + VaR,2024,0.7568,31.558279090687247,HOLD,167.93613261251207,190.21102905273438,49.00805000663716,-26.53720787292289,-35.72452639684392,0.0
AAPL,Jump Diffusion,Probability + VaR,2025,0.8006,36.996866899473034,BUY,260.5831502994925,248.61578369140625,30.70524087353508,-22.034278822595954,-31.567557141927743,30.70524087353508
KO,GARCH,Expected Return,2016,0.7498,14.190254922530348,BUY,33.62453118494199,30.95953941345215,5.139836105415289,-15.473797041426703,-21.995732718041257,5.139836105415289
KO,GARCH,Expected Return,2017,0.7473,14.30807202794289,BUY,35.38925261224825,30.848989486694336,-0.3570787190386228,-15.860814792845993,-22.390121082517002,-0.3570787190386228
KO,GARCH,Expected Return,2018,0.7214,12.586856500023627,BUY,34.73190752509193,35.28571701049805,14.382083814179206,-16.39068916902651,-22.233385327444413,14.382083814179206
KO,GARCH,Expected Return,2019,0.6939,10.63867218807101,BUY,39.039648772455344,37.67578887939453,6.77348250620896,-17.312397780144433,-23.129918184647323,6.77348250620896
KO,GARCH,Expected Return,2020,0.7753,13.309465905609486,BUY,42.690235154966956,45.4367790222168,20.59940978984217,-13.26660186298815,-18.777134503419237,20.59940978984217
KO,GARCH,Expected Return,2021,0.7686,12.648349641701234,BUY,51.183781698873936,46.558677673339844,2.46914212509316,-12.739337776614935,-18.032442741806705,2.46914212509316
KO,GARCH,Expected Return,2022,0.7197,11.962423037841544,BUY,52.12822365744984,51.85356140136719,11.372495939804727,-15.709632369965476,-21.25534044334866,11.372495939804727
KO,GARCH,Expected Return,2023,0.7223,11.78117882069225,BUY,57.96252219495971,57.35499954223633,10.609566618357844,-15.699231406481251,-21.656944046495425,10.609566618357844
KO,GARCH,Expected Return,2024,0.7196,12.153518455798896,BUY,64.32564999692539,54.81157684326172,-4.434526578806139,-17.215660784883376,-23.07249295955254,-4.434526578806139
KO,GARCH,Expected Return,2025,0.6914,10.584538146618181,BUY,60.61312910299969,59.6774787902832,8.877507685896243,-17.506804842382145,-22.83286718346693,8.877507685896243
KO,GARCH,Probability,2016,0.7498,14.190254922530348,BUY,33.62453118494199,30.95953941345215,5.139836105415289,-15.473797041426703,-21.995732718041257,5.139836105415289
KO,GARCH,Probability,2017,0.7473,14.30807202794289,BUY,35.38925261224825,30.848989486694336,-0.3570787190386228,-15.860814792845993,-22.390121082517002,-0.3570787190386228
KO,GARCH,Probability,2018,0.7214,12.586856500023627,BUY,34.73190752509193,35.28571701049805,14.382083814179206,-16.39068916902651,-22.233385327444413,14.382083814179206
KO,GARCH,Probability,2019,0.6939,10.63867218807101,HOLD,39.039648772455344,37.67578887939453,6.77348250620896,-17.312397780144433,-23.129918184647323,0.0
KO,GARCH,Probability,2020,0.7753,13.309465905609486,BUY,42.690235154966956,45.4367790222168,20.59940978984217,-13.26660186298815,-18.777134503419237,20.59940978984217
KO,GARCH,Probability,2021,0.7686,12.648349641701234,BUY,51.183781698873936,46.558677673339844,2.46914212509316,-12.739337776614935,-18.032442741806705,2.46914212509316
KO,GARCH,Probability,2022,0.7197,11.962423037841544,BUY,52.12822365744984,51.85356140136719,11.372495939804727,-15.709632369965476,-21.25534044334866,11.372495939804727
KO,GARCH,Probability,2023,0.7223,11.78117882069225,BUY,57.96252219495971,57.35499954223633,10.609566618357844,-15.699231406481251,-21.656944046495425,10.609566618357844
KO,GARCH,Probability,2024,0.7196,12.153518455798896,BUY,64.32564999692539,54.81157684326172,-4.434526578806139,-17.215660784883376,-23.07249295955254,-4.434526578806139
KO,GARCH,Probability,2025,0.6914,10.584538146618181,HOLD,60.61312910299969,59.6774787902832,8.877507685896243,-17.506804842382145,-22.83286718346693,0.0
KO,GARCH,Probability + VaR,2016,0.7498,14.190254922530348,BUY,33.62453118494199,30.95953941345215,5.139836105415289,-15.473797041426703,-21.995732718041257,5.139836105415289
KO,GARCH,Probability + VaR,2017,0.7473,14.30807202794289,BUY,35.38925261224825,30.848989486694336,-0.3570787190386228,-15.860814792845993,-22.390121082517002,-0.3570787190386228
KO,GARCH,Probability + VaR,2018,0.7214,12.586856500023627,BUY,34.73190752509193,35.28571701049805,14.382083814179206,-16.39068916902651,-22.233385327444413,14.382083814179206
KO,GARCH,Probability + VaR,2019,0.6939,10.63867218807101,HOLD,39.039648772455344,37.67578887939453,6.77348250620896,-17.312397780144433,-23.129918184647323,0.0
KO,GARCH,Probability + VaR,2020,0.7753,13.309465905609486,BUY,42.690235154966956,45.4367790222168,20.59940978984217,-13.26660186298815,-18.777134503419237,20.59940978984217
KO,GARCH,Probability + VaR,2021,0.7686,12.648349641701234,BUY,51.183781698873936,46.558677673339844,2.46914212509316,-12.739337776614935,-18.032442741806705,2.46914212509316
KO,GARCH,Probability + VaR,2022,0.7197,11.962423037841544,BUY,52.12822365744984,51.85356140136719,11.372495939804727,-15.709632369965476,-21.25534044334866,11.372495939804727
KO,GARCH,Probability + VaR,2023,0.7223,11.78117882069225,BUY,57.96252219495971,57.35499954223633,10.609566618357844,-15.699231406481251,-21.656944046495425,10.609566618357844
KO,GARCH,Probability + VaR,2024,0.7196,12.153518455798896,BUY,64.32564999692539,54.81157684326172,-4.434526578806139,-17.215660784883376,-23.07249295955254,-4.434526578806139
KO,GARCH,Probability + VaR,2025,0.6914,10.584538146618181,HOLD,60.61312910299969,59.6774787902832,8.877507685896243,-17.506804842382145,-22.83286718346693,0.0
KO,GBM,Expected Return,2016,0.7157,12.698221411440306,BUY,33.185186099350744,30.95953941345215,5.139836105415289,-18.72639429386372,-24.521773186951563,5.139836105415289
KO,GBM,Expected Return,2017,0.7032,12.554825600640765,BUY,34.846455593572706,30.848989486694336,-0.3570787190386228,-18.71425847110355,-24.832622553223853,-0.3570787190386228
KO,GBM,Expected Return,2018,0.667,10.782813968971299,BUY,34.1753786343521,35.28571701049805,14.382083814179206,-19.94300621808059,-25.434469462643072,14.382083814179206
KO,GBM,Expected Return,2019,0.6472,9.166544817798856,HOLD,38.520198074547025,37.67578887939453,6.77348250620896,-21.242324014648265,-27.023873638277145,0.0
KO,GBM,Expected Return,2020,0.7409,12.036811972129064,BUY,42.21075274582356,45.4367790222168,20.59940978984217,-14.41634972821531,-19.5449901571507,20.59940978984217
KO,GBM,Expected Return,2021,0.7483,11.387170292024873,BUY,50.61074242468766,46.558677673339844,2.46914212509316,-13.9543325375864,-18.686327011822083,2.46914212509316
KO,GBM,Expected Return,2022,0.6841,10.486101021530422,BUY,51.44086764845499,51.85356140136719,11.372495939804727,-18.87012006061377,-24.55390197848875,11.372495939804727
KO,GBM,Expected Return,2023,0.6874,10.386320709544759,BUY,57.239238587833896,57.35499954223633,10.609566618357844,-18.933279357760867,-24.796740391059544,10.609566618357844
KO,GBM,Expected Return,2024,0.6849,10.737638714963591,BUY,63.51357217805069,54.81157684326172,-4.434526578806139,-18.702905288829772,-24.7816147197149,-4.434526578806139
KO,GBM,Expected Return,2025,0.6498,8.869140809306773,HOLD,59.672892773291984,59.6774787902832,8.877507685896243,-20.353895404127716,-25.67388176030872,0.0
KO,GBM,Probability,2016,0.7157,12.698221411440306,BUY,33.185186099350744,30.95953941345215,5.139836105415289,-18.72639429386372,-24.521773186951563,5.139836105415289
KO,GBM,Probability,2017,0.7032,12.554825600640765,BUY,34.846455593572706,30.848989486694336,-0.3570787190386228,-18.71425847110355,-24.832622553223853,-0.3570787190386228
KO,GBM,Probability,2018,0.667,10.782813968971299,HOLD,34.1753786343521,35.28571701049805,14.382083814179206,-19.94300621808059,-25.434469462643072,0.0
KO,GBM,Probability,2019,0.6472,9.166544817798856,HOLD,38.520198074547025,37.67578887939453,6.77348250620896,-21.242324014648265,-27.023873638277145,0.0
KO,GBM,Probability,2020,0.7409,12.036811972129064,BUY,42.21075274582356,45.4367790222168,20.59940978984217,-14.41634972821531,-19.5449901571507,20.59940978984217
KO,GBM,Probability,2021,0.7483,11.387170292024873,BUY,50.61074242468766,46.558677673339844,2.46914212509316,-13.9543325375864,-18.686327011822083,2.46914212509316
KO,GBM,Probability,2022,0.6841,10.486101021530422,HOLD,51.44086764845499,51.85356140136719,11.372495939804727,-18.87012006061377,-24.55390197848875,0.0
KO,GBM,Probability,2023,0.6874,10.386320709544759,HOLD,57.239238587833896,57.35499954223633,10.609566618357844,-18.933279357760867,-24.796740391059544,0.0
KO,GBM,Probability,2024,0.6849,10.737638714963591,HOLD,63.51357217805069,54.81157684326172,-4.434526578806139,-18.702905288829772,-24.7816147197149,0.0
KO,GBM,Probability,2025,0.6498,8.869140809306773,HOLD,59.672892773291984,59.6774787902832,8.877507685896243,-20.353895404127716,-25.67388176030872,0.0
KO,GBM,Probability + VaR,2016,0.7157,12.698221411440306,BUY,33.185186099350744,30.95953941345215,5.139836105415289,-18.72639429386372,-24.521773186951563,5.139836105415289
KO,GBM,Probability + VaR,2017,0.7032,12.554825600640765,BUY,34.846455593572706,30.848989486694336,-0.3570787190386228,-18.71425847110355,-24.832622553223853,-0.3570787190386228
KO,GBM,Probability + VaR,2018,0.667,10.782813968971299,HOLD,34.1753786343521,35.28571701049805,14.382083814179206,-19.94300621808059,-25.434469462643072,0.0
KO,GBM,Probability + VaR,2019,0.6472,9.166544817798856,HOLD,38.520198074547025,37.67578887939453,6.77348250620896,-21.242324014648265,-27.023873638277145,0.0
KO,GBM,Probability + VaR,2020,0.7409,12.036811972129064,BUY,42.21075274582356,45.4367790222168,20.59940978984217,-14.41634972821531,-19.5449901571507,20.59940978984217
KO,GBM,Probability + VaR,2021,0.7483,11.387170292024873,BUY,50.61074242468766,46.558677673339844,2.46914212509316,-13.9543325375864,-18.686327011822083,2.46914212509316
KO,GBM,Probability + VaR,2022,0.6841,10.486101021530422,HOLD,51.44086764845499,51.85356140136719,11.372495939804727,-18.87012006061377,-24.55390197848875,0.0
KO,GBM,Probability + VaR,2023,0.6874,10.386320709544759,HOLD,57.239238587833896,57.35499954223633,10.609566618357844,-18.933279357760867,-24.796740391059544,0.0
KO,GBM,Probability + VaR,2024,0.6849,10.737638714963591,HOLD,63.51357217805069,54.81157684326172,-4.434526578806139,-18.702905288829772,-24.7816147197149,0.0
KO,GBM,Probability + VaR,2025,0.6498,8.869140809306773,HOLD,59.672892773291984,59.6774787902832,8.877507685896243,-20.353895404127716,-25.67388176030872,0.0
KO,Historical Bootstrap,Expected Return,2016,0.7005,12.15138079451078,BUY,33.02416308219736,30.95953941345215,5.139836105415289,-18.581156772653813,-24.31843373108357,5.139836105415289
KO,Historical Bootstrap,Expected Return,2017,0.7105,12.745110182235884,BUY,34.90536682360937,30.848989486694336,-0.3570787190386228,-18.174231978263137,-24.044354464576656,-0.3570787190386228
KO,Historical Bootstrap,Expected Return,2018,0.6731,10.714623916360264,BUY,34.15434269219115,35.28571701049805,14.382083814179206,-20.38657326071463,-26.256585841931372,14.382083814179206
KO,Historical Bootstrap,Expected Return,2019,0.6502,9.142320229584575,HOLD,38.511650254902776,37.67578887939453,6.77348250620896,-20.50852754887172,-26.514607673067925,0.0
KO,Historical Bootstrap,Expected Return,2020,0.7476,12.490479119145977,BUY,42.38167542234883,45.4367790222168,20.59940978984217,-13.789769642445664,-18.9735781906834,20.59940978984217
KO,Historical Bootstrap,Expected Return,2021,0.7498,11.404597716136,BUY,50.618660884870295,46.558677673339844,2.46914212509316,-13.808775210621171,-19.377606847771535,2.46914212509316
KO,Historical Bootstrap,Expected Return,2022,0.6806,10.19214779244079,BUY,51.304006912012774,51.85356140136719,11.372495939804727,-19.198473724077616,-24.86427042324685,11.372495939804727
KO,Historical Bootstrap,Expected Return,2023,0.687,10.512546337041611,BUY,57.304691071092236,57.35499954223633,10.609566618357844,-17.827795840885248,-23.795496824430536,10.609566618357844
KO,Historical Bootstrap,Expected Return,2024,0.6814,10.82598727962323,BUY,63.564244496906795,54.81157684326172,-4.434526578806139,-19.005996640144566,-24.90655958838182,-4.434526578806139
KO,Historical Bootstrap,Expected Return,2025,0.6547,8.980708643700952,HOLD,59.73404486257331,59.6774787902832,8.877507685896243,-20.626763293032628,-26.54341951054669,0.0
KO,Historical Bootstrap,Probability,2016,0.7005,12.15138079451078,BUY,33.02416308219736,30.95953941345215,5.139836105415289,-18.581156772653813,-24.31843373108357,5.139836105415289
KO,Historical Bootstrap,Probability,2017,0.7105,12.745110182235884,BUY,34.90536682360937,30.848989486694336,-0.3570787190386228,-18.174231978263137,-24.044354464576656,-0.3570787190386228
KO,Historical Bootstrap,Probability,2018,0.6731,10.714623916360264,HOLD,34.15434269219115,35.28571701049805,14.382083814179206,-20.38657326071463,-26.256585841931372,0.0
KO,Historical Bootstrap,Probability,2019,0.6502,9.142320229584575,HOLD,38.511650254902776,37.67578887939453,6.77348250620896,-20.50852754887172,-26.514607673067925,0.0
KO,Historical Bootstrap,Probability,2020,0.7476,12.490479119145977,BUY,42.38167542234883,45.4367790222168,20.59940978984217,-13.789769642445664,-18.9735781906834,20.59940978984217
KO,Historical Bootstrap,Probability,2021,0.7498,11.404597716136,BUY,50.618660884870295,46.558677673339844,2.46914212509316,-13.808775210621171,-19.377606847771535,2.46914212509316
KO,Historical Bootstrap,Probability,2022,0.6806,10.19214779244079,HOLD,51.304006912012774,51.85356140136719,11.372495939804727,-19.198473724077616,-24.86427042324685,0.0
KO,Historical Bootstrap,Probability,2023,0.687,10.512546337041611,HOLD,57.304691071092236,57.35499954223633,10.609566618357844,-17.827795840885248,-23.795496824430536,0.0
KO,Historical Bootstrap,Probability,2024,0.6814,10.82598727962323,HOLD,63.564244496906795,54.81157684326172,-4.434526578806139,-19.005996640144566,-24.90655958838182,0.0
KO,Historical Bootstrap,Probability,2025,0.6547,8.980708643700952,HOLD,59.73404486257331,59.6774787902832,8.877507685896243,-20.626763293032628,-26.54341951054669,0.0
KO,Historical Bootstrap,Probability + VaR,2016,0.7005,12.15138079451078,BUY,33.02416308219736,30.95953941345215,5.139836105415289,-18.581156772653813,-24.31843373108357,5.139836105415289
KO,Historical Bootstrap,Probability + VaR,2017,0.7105,12.745110182235884,BUY,34.90536682360937,30.848989486694336,-0.3570787190386228,-18.174231978263137,-24.044354464576656,-0.3570787190386228
KO,Historical Bootstrap,Probability + VaR,2018,0.6731,10.714623916360264,HOLD,34.15434269219115,35.28571701049805,14.382083814179206,-20.38657326071463,-26.256585841931372,0.0
KO,Historical Bootstrap,Probability + VaR,2019,0.6502,9.142320229584575,HOLD,38.511650254902776,37.67578887939453,6.77348250620896,-20.50852754887172,-26.514607673067925,0.0
KO,Historical Bootstrap,Probability + VaR,2020,0.7476,12.490479119145977,BUY,42.38167542234883,45.4367790222168,20.59940978984217,-13.789769642445664,-18.9735781906834,20.59940978984217
KO,Historical Bootstrap,Probability + VaR,2021,0.7498,11.404597716136,BUY,50.618660884870295,46.558677673339844,2.46914212509316,-13.808775210621171,-19.377606847771535,2.46914212509316
KO,Historical Bootstrap,Probability + VaR,2022,0.6806,10.19214779244079,HOLD,51.304006912012774,51.85356140136719,11.372495939804727,-19.198473724077616,-24.86427042324685,0.0
KO,Historical Bootstrap,Probability + VaR,2023,0.687,10.512546337041611,HOLD,57.304691071092236,57.35499954223633,10.609566618357844,-17.827795840885248,-23.795496824430536,0.0
KO,Historical Bootstrap,Probability + VaR,2024,0.6814,10.82598727962323,HOLD,63.564244496906795,54.81157684326172,-4.434526578806139,-19.005996640144566,-24.90655958838182,0.0
KO,Historical Bootstrap,Probability + VaR,2025,0.6547,8.980708643700952,HOLD,59.73404486257331,59.6774787902832,8.877507685896243,-20.626763293032628,-26.54341951054669,0.0
KO,Jump Diffusion,Expected Return,2016,0.7233,15.559419610371952,BUY,34.02769624289623,30.95953941345215,5.139836105415289,-19.694892094847177,-26.404880871370008,5.139836105415289
KO,Jump Diffusion,Expected Return,2017,0.72,15.727024313798196,BUY,35.8285537044457,30.848989486694336,-0.3570787190386228,-20.646032534994198,-27.376790879829038,-0.3570787190386228
KO,Jump Diffusion,Expected Return,2018,0.6735,12.693252894456874,BUY,34.76472973762486,35.28571701049805,14.382083814179206,-22.983070669061327,-29.434950277330252,14.382083814179206
KO,Jump Diffusion,Expected Return,2019,0.6604,11.644831135504234,BUY,39.39467917132244,37.67578887939453,6.77348250620896,-23.19015387612638,-29.51591511718047,6.77348250620896
KO,Jump Diffusion,Expected Return,2020,0.7268,12.251010387590545,BUY,42.29145368861584,45.4367790222168,20.59940978984217,-16.23234418985098,-22.03791849484186,20.59940978984217
KO,Jump Diffusion,Expected Return,2021,0.6439,7.2287915636606055,HOLD,48.721309070973916,46.558677673339844,2.46914212509316,-19.07759551977419,-24.593131815601826,0.0
KO,Jump Diffusion,Expected Return,2022,0.6403,9.472747762818342,HOLD,50.96906377103895,51.85356140136719,11.372495939804727,-23.097797498544157,-29.590283754227308,0.0
KO,Jump Diffusion,Expected Return,2023,0.6465,9.769385803981494,HOLD,56.91933586777118,57.35499954223633,10.609566618357844,-23.024000752948602,-29.384796132465762,0.0
KO,Jump Diffusion,Expected Return,2024,0.6222,9.189212890749317,HOLD,62.62547255366072,54.81157684326172,-4.434526578806139,-24.481669793931413,-30.665463809374206,0.0
KO,Jump Diffusion,Expected Return,2025,0.5861,6.670788580580591,HOLD,58.46794125215818,59.6774787902832,8.877507685896243,-25.831241178428215,-31.882469110715434,0.0
KO,Jump Diffusion,Probability,2016,0.7233,15.559419610371952,BUY,34.02769624289623,30.95953941345215,5.139836105415289,-19.694892094847177,-26.404880871370008,5.139836105415289
KO,Jump Diffusion,Probability,2017,0.72,15.727024313798196,BUY,35.8285537044457,30.848989486694336,-0.3570787190386228,-20.646032534994198,-27.376790879829038,-0.3570787190386228
KO,Jump Diffusion,Probability,2018,0.6735,12.693252894456874,HOLD,34.76472973762486,35.28571701049805,14.382083814179206,-22.983070669061327,-29.434950277330252,0.0
KO,Jump Diffusion,Probability,2019,0.6604,11.644831135504234,HOLD,39.39467917132244,37.67578887939453,6.77348250620896,-23.19015387612638,-29.51591511718047,0.0
KO,Jump Diffusion,Probability,2020,0.7268,12.251010387590545,BUY,42.29145368861584,45.4367790222168,20.59940978984217,-16.23234418985098,-22.03791849484186,20.59940978984217
KO,Jump Diffusion,Probability,2021,0.6439,7.2287915636606055,HOLD,48.721309070973916,46.558677673339844,2.46914212509316,-19.07759551977419,-24.593131815601826,0.0
KO,Jump Diffusion,Probability,2022,0.6403,9.472747762818342,HOLD,50.96906377103895,51.85356140136719,11.372495939804727,-23.097797498544157,-29.590283754227308,0.0
KO,Jump Diffusion,Probability,2023,0.6465,9.769385803981494,HOLD,56.91933586777118,57.35499954223633,10.609566618357844,-23.024000752948602,-29.384796132465762,0.0
KO,Jump Diffusion,Probability,2024,0.6222,9.189212890749317,HOLD,62.62547255366072,54.81157684326172,-4.434526578806139,-24.481669793931413,-30.665463809374206,0.0
KO,Jump Diffusion,Probability,2025,0.5861,6.670788580580591,HOLD,58.46794125215818,59.6774787902832,8.877507685896243,-25.831241178428215,-31.882469110715434,0.0
KO,Jump Diffusion,Probability + VaR,2016,0.7233,15.559419610371952,BUY,34.02769624289623,30.95953941345215,5.139836105415289,-19.694892094847177,-26.404880871370008,5.139836105415289
KO,Jump Diffusion,Probability + VaR,2017,0.72,15.727024313798196,BUY,35.8285537044457,30.848989486694336,-0.3570787190386228,-20.646032534994198,-27.376790879829038,-0.3570787190386228
KO,Jump Diffusion,Probability + VaR,2018,0.6735,12.693252894456874,HOLD,34.76472973762486,35.28571701049805,14.382083814179206,-22.983070669061327,-29.434950277330252,0.0
KO,Jump Diffusion,Probability + VaR,2019,0.6604,11.644831135504234,HOLD,39.39467917132244,37.67578887939453,6.77348250620896,-23.19015387612638,-29.51591511718047,0.0
KO,Jump Diffusion,Probability + VaR,2020,0.7268,12.251010387590545,BUY,42.29145368861584,45.4367790222168,20.59940978984217,-16.23234418985098,-22.03791849484186,20.59940978984217
KO,Jump Diffusion,Probability + VaR,2021,0.6439,7.2287915636606055,HOLD,48.721309070973916,46.558677673339844,2.46914212509316,-19.07759551977419,-24.593131815601826,0.0
KO,Jump Diffusion,Probability + VaR,2022,0.6403,9.472747762818342,HOLD,50.96906377103895,51.85356140136719,11.372495939804727,-23.097797498544157,-29.590283754227308,0.0
KO,Jump Diffusion,Probability + VaR,2023,0.6465,9.769385803981494,HOLD,56.91933586777118,57.35499954223633,10.609566618357844,-23.024000752948602,-29.384796132465762,0.0
KO,Jump Diffusion,Probability + VaR,2024,0.6222,9.189212890749317,HOLD,62.62547255366072,54.81157684326172,-4.434526578806139,-24.481669793931413,-30.665463809374206,0.0
KO,Jump Diffusion,Probability + VaR,2025,0.5861,6.670788580580591,HOLD,58.46794125215818,59.6774787902832,8.877507685896243,-25.831241178428215,-31.882469110715434,0.0
NVDA,GARCH,Expected Return,2016,0.6732,40.593378020520696,BUY,0.6755594115722284,0.8030001521110535,67.11558154972793,-44.63375778886151,-54.66054582182443,67.11558154972793
NVDA,GARCH,Expected Return,2017,0.6788,40.41176705872138,BUY,1.1275067030633508,2.625490427017212,226.9601406817805,-43.90650162046899,-54.17072360494012,226.9601406817805
NVDA,GARCH,Expected Return,2018,0.7038,57.39235759222425,BUY,4.132321281440546,4.778075695037842,81.98793055460331,-47.13836893487039,-59.25224961678597,81.98793055460331
NVDA,GARCH,Expected Return,2019,0.7478,48.43705264557456,BUY,7.092434734888724,3.3057000637054443,-30.81524289917589,-36.20808056740848,-46.650569054277625,-30.81524289917589
NVDA,GARCH,Expected Return,2020,0.8028,60.06399715403346,BUY,5.291235655890365,5.849206924438477,76.94306233826761,-29.696011334925952,-41.30890376834622,76.94306233826761
NVDA,GARCH,Expected Return,2021,0.7895,55.34046522236845,BUY,9.08618524824172,13.002532005310059,122.29564064462124,-29.45117967304648,-40.78799102781789,122.29564064462124
NVDA,GARCH,Expected Return,2022,0.8473,71.47031090109235,BUY,22.295482054519194,29.318378448486328,125.48207100365605,-24.59490249569267,-36.80163471140812,125.48207100365605
NVDA,GARCH,Expected Return,2023,0.8961,86.33128599245607,BUY,54.62931159519967,14.581599235534668,-50.264646248580306,-14.431263732550537,-27.441252712028053,-50.264646248580306
NVDA,GARCH,Expected Return,2024,0.8455,83.82353876954582,BUY,26.804411723952867,49.43413543701172,239.01724110304082,-26.470741917888276,-39.949484241109765,239.01724110304082
NVDA,GARCH,Expected Return,2025,0.8949,103.05651890912613,BUY,100.37923457121872,134.08973693847656,171.24928099396382,-18.05576824764071,-31.12960794522321,171.24928099396382
NVDA,GARCH,Probability,2016,0.6732,40.593378020520696,HOLD,0.6755594115722284,0.8030001521110535,67.11558154972793,-44.63375778886151,-54.66054582182443,0.0
NVDA,GARCH,Probability,2017,0.6788,40.41176705872138,HOLD,1.1275067030633508,2.625490427017212,226.9601406817805,-43.90650162046899,-54.17072360494012,0.0
NVDA,GARCH,Probability,2018,0.7038,57.39235759222425,BUY,4.132321281440546,4.778075695037842,81.98793055460331,-47.13836893487039,-59.25224961678597,81.98793055460331
NVDA,GARCH,Probability,2019,0.7478,48.43705264557456,BUY,7.092434734888724,3.3057000637054443,-30.81524289917589,-36.20808056740848,-46.650569054277625,-30.81524289917589
NVDA,GARCH,Probability,2020,0.8028,60.06399715403346,BUY,5.291235655890365,5.849206924438477,76.94306233826761,-29.696011334925952,-41.30890376834622,76.94306233826761
NVDA,GARCH,Probability,2021,0.7895,55.34046522236845,BUY,9.08618524824172,13.002532005310059,122.29564064462124,-29.45117967304648,-40.78799102781789,122.29564064462124
NVDA,GARCH,Probability,2022,0.8473,71.47031090109235,BUY,22.295482054519194,29.318378448486328,125.48207100365605,-24.59490249569267,-36.80163471140812,125.48207100365605
NVDA,GARCH,Probability,2023,0.8961,86.33128599245607,BUY,54.62931159519967,14.581599235534668,-50.264646248580306,-14.431263732550537,-27.441252712028053,-50.264646248580306
NVDA,GARCH,Probability,2024,0.8455,83.82353876954582,BUY,26.804411723952867,49.43413543701172,239.01724110304082,-26.470741917888276,-39.949484241109765,239.01724110304082
NVDA,GARCH,Probability,2025,0.8949,103.05651890912613,BUY,100.37923457121872,134.08973693847656,171.24928099396382,-18.05576824764071,-31.12960794522321,171.24928099396382
NVDA,GARCH,Probability + VaR,2016,0.6732,40.593378020520696,HOLD,0.6755594115722284,0.8030001521110535,67.11558154972793,-44.63375778886151,-54.66054582182443,0.0
NVDA,GARCH,Probability + VaR,2017,0.6788,40.41176705872138,HOLD,1.1275067030633508,2.625490427017212,226.9601406817805,-43.90650162046899,-54.17072360494012,0.0
NVDA,GARCH,Probability + VaR,2018,0.7038,57.39235759222425,HOLD,4.132321281440546,4.778075695037842,81.98793055460331,-47.13836893487039,-59.25224961678597,0.0
NVDA,GARCH,Probability + VaR,2019,0.7478,48.43705264557456,HOLD,7.092434734888724,3.3057000637054443,-30.81524289917589,-36.20808056740848,-46.650569054277625,0.0
NVDA,GARCH,Probability + VaR,2020,0.8028,60.06399715403346,HOLD,5.291235655890365,5.849206924438477,76.94306233826761,-29.696011334925952,-41.30890376834622,0.0
NVDA,GARCH,Probability + VaR,2021,0.7895,55.34046522236845,HOLD,9.08618524824172,13.002532005310059,122.29564064462124,-29.45117967304648,-40.78799102781789,0.0
NVDA,GARCH,Probability + VaR,2022,0.8473,71.47031090109235,BUY,22.295482054519194,29.318378448486328,125.48207100365605,-24.59490249569267,-36.80163471140812,125.48207100365605
NVDA,GARCH,Probability + VaR,2023,0.8961,86.33128599245607,BUY,54.62931159519967,14.581599235534668,-50.264646248580306,-14.431263732550537,-27.441252712028053,-50.264646248580306
NVDA,GARCH,Probability + VaR,2024,0.8455,83.82353876954582,HOLD,26.804411723952867,49.43413543701172,239.01724110304082,-26.470741917888276,-39.949484241109765,0.0
NVDA,GARCH,Probability + VaR,2025,0.8949,103.05651890912613,BUY,100.37923457121872,134.08973693847656,171.24928099396382,-18.05576824764071,-31.12960794522321,171.24928099396382
NVDA,GBM,Expected Return,2016,0.5854,25.55109912224322,BUY,0.6032803809073385,0.8030001521110535,67.11558154972793,-49.462592463337515,-58.71239644452415,67.11558154972793
NVDA,GBM,Expected Return,2017,0.5892,25.50625313856345,BUY,1.0078154036115483,2.625490427017212,226.9601406817805,-50.205572650857434,-58.73305353000289,226.9601406817805
NVDA,GBM,Expected Return,2018,0.6316,31.50632663112059,BUY,3.4526860166220574,4.778075695037842,81.98793055460331,-47.13430535221584,-56.42339235253693,81.98793055460331
NVDA,GBM,Expected Return,2019,0.6511,35.340687802500106,BUY,6.466680509388302,3.3057000637054443,-30.81524289917589,-44.89905408953599,-53.9421688223002,-30.81524289917589
NVDA,GBM,Expected Return,2020,0.7458,45.726724380118675,BUY,4.81728842066944,5.849206924438477,76.94306233826761,-34.61280592177306,-44.193420846429895,76.94306233826761
NVDA,GBM,Expected Return,2021,0.7409,41.23706193708057,BUY,8.261248006697176,13.002532005310059,122.29564064462124,-32.710919404581965,-42.4861671324665,122.29564064462124
NVDA,GBM,Expected Return,2022,0.7937,55.70490163640479,BUY,20.24557966911008,29.318378448486328,125.48207100365605,-28.49649003308654,-39.277148726715794,125.48207100365605
NVDA,GBM,Expected Return,2023,0.8636,70.62454401135567,BUY,50.02434953925337,14.581599235534668,-50.264646248580306,-20.210752332676336,-32.74630869180501,-50.264646248580306
NVDA,GBM,Expected Return,2024,0.803,61.72162906689916,BUY,23.58159982771318,49.43413543701172,239.01724110304082,-28.61954566717719,-39.62015104965316,239.01724110304082
NVDA,GBM,Expected Return,2025,0.8535,80.88617796339996,BUY,89.41951820126118,134.08973693847656,171.24928099396382,-23.94794656865566,-36.56377670978607,171.24928099396382
NVDA,GBM,Probability,2016,0.5854,25.55109912224322,HOLD,0.6032803809073385,0.8030001521110535,67.11558154972793,-49.462592463337515,-58.71239644452415,0.0
NVDA,GBM,Probability,2017,0.5892,25.50625313856345,HOLD,1.0078154036115483,2.625490427017212,226.9601406817805,-50.205572650857434,-58.73305353000289,0.0
NVDA,GBM,Probability,2018,0.6316,31.50632663112059,HOLD,3.4526860166220574,4.778075695037842,81.98793055460331,-47.13430535221584,-56.42339235253693,0.0
NVDA,GBM,Probability,2019,0.6511,35.340687802500106,HOLD,6.466680509388302,3.3057000637054443,-30.81524289917589,-44.89905408953599,-53.9421688223002,0.0
NVDA,GBM,Probability,2020,0.7458,45.726724380118675,BUY,4.81728842066944,5.849206924438477,76.94306233826761,-34.61280592177306,-44.193420846429895,76.94306233826761
NVDA,GBM,Probability,2021,0.7409,41.23706193708057,BUY,8.261248006697176,13.002532005310059,122.29564064462124,-32.710919404581965,-42.4861671324665,122.29564064462124
NVDA,GBM,Probability,2022,0.7937,55.70490163640479,BUY,20.24557966911008,29.318378448486328,125.48207100365605,-28.49649003308654,-39.277148726715794,125.48207100365605
NVDA,GBM,Probability,2023,0.8636,70.62454401135567,BUY,50.02434953925337,14.581599235534668,-50.264646248580306,-20.210752332676336,-32.74630869180501,-50.264646248580306
NVDA,GBM,Probability,2024,0.803,61.72162906689916,BUY,23.58159982771318,49.43413543701172,239.01724110304082,-28.61954566717719,-39.62015104965316,239.01724110304082
NVDA,GBM,Probability,2025,0.8535,80.88617796339996,BUY,89.41951820126118,134.08973693847656,171.24928099396382,-23.94794656865566,-36.56377670978607,171.24928099396382
NVDA,GBM,Probability + VaR,2016,0.5854,25.55109912224322,HOLD,0.6032803809073385,0.8030001521110535,67.11558154972793,-49.462592463337515,-58.71239644452415,0.0
NVDA,GBM,Probability + VaR,2017,0.5892,25.50625313856345,HOLD,1.0078154036115483,2.625490427017212,226.9601406817805,-50.205572650857434,-58.73305353000289,0.0
NVDA,GBM,Probability + VaR,2018,0.6316,31.50632663112059,HOLD,3.4526860166220574,4.778075695037842,81.98793055460331,-47.13430535221584,-56.42339235253693,0.0
NVDA,GBM,Probability + VaR,2019,0.6511,35.340687802500106,HOLD,6.466680509388302,3.3057000637054443,-30.81524289917589,-44.89905408953599,-53.9421688223002,0.0
NVDA,GBM,Probability + VaR,2020,0.7458,45.726724380118675,HOLD,4.81728842066944,5.849206924438477,76.94306233826761,-34.61280592177306,-44.193420846429895,0.0
NVDA,GBM,Probability + VaR,2021,0.7409,41.23706193708057,HOLD,8.261248006697176,13.002532005310059,122.29564064462124,-32.710919404581965,-42.4861671324665,0.0
NVDA,GBM,Probability + VaR,2022,0.7937,55.70490163640479,HOLD,20.24557966911008,29.318378448486328,125.48207100365605,-28.49649003308654,-39.277148726715794,0.0
NVDA,GBM,Probability + VaR,2023,0.8636,70.62454401135567,BUY,50.02434953925337,14.581599235534668,-50.264646248580306,-20.210752332676336,-32.74630869180501,-50.264646248580306
NVDA,GBM,Probability + VaR,2024,0.803,61.72162906689916,HOLD,23.58159982771318,49.43413543701172,239.01724110304082,-28.61954566717719,-39.62015104965316,0.0
NVDA,GBM,Probability + VaR,2025,0.8535,80.88617796339996,BUY,89.41951820126118,134.08973693847656,171.24928099396382,-23.94794656865566,-36.56377670978607,171.24928099396382
NVDA,Historical Bootstrap,Expected Return,2016,0.5892,25.902087552309954,BUY,0.6049669008602906,0.8030001521110535,67.11558154972793,-49.9924417994986,-58.539834812112645,67.11558154972793
NVDA,Historical Bootstrap,Expected Return,2017,0.5888,24.59155748187786,BUY,1.0004703960970098,2.625490427017212,226.9601406817805,-51.12705635987771,-60.06094841888069,226.9601406817805
NVDA,Historical Bootstrap,Expected Return,2018,0.634,32.22966647131755,BUY,3.47167723488123,4.778075695037842,81.98793055460331,-47.518104045142856,-56.461632340324805,81.98793055460331
NVDA,Historical Bootstrap,Expected Return,2019,0.6499,34.661713437403044,BUY,6.434238600274062,3.3057000637054443,-30.81524289917589,-44.6373116586585,-54.63658310582345,-30.81524289917589
NVDA,Historical Bootstrap,Expected Return,2020,0.7418,44.63686645626558,BUY,4.78126098658633,5.849206924438477,76.94306233826761,-34.661754547088734,-44.457749590541965,76.94306233826761
NVDA,Historical Bootstrap,Expected Return,2021,0.7388,41.00376027511876,BUY,8.247601709730876,13.002532005310059,122.29564064462124,-32.557207395458754,-43.08522964133882,122.29564064462124
NVDA,Historical Bootstrap,Expected Return,2022,0.8014,56.33577116834228,BUY,20.327608681912,29.318378448486328,125.48207100365605,-27.84579653605208,-38.2471510223652,125.48207100365605
NVDA,Historical Bootstrap,Expected Return,2023,0.8652,69.28287110789645,BUY,49.6309927998764,14.581599235534668,-50.264646248580306,-19.81544169566422,-31.959879477369057,-50.264646248580306
NVDA,Historical Bootstrap,Expected Return,2024,0.8094,63.17319788201633,BUY,23.793261774961564,49.43413543701172,239.01724110304082,-29.00904556759168,-40.69895218979584,239.01724110304082
NVDA,Historical Bootstrap,Expected Return,2025,0.8584,81.50920783765217,BUY,89.72750763311207,134.08973693847656,171.24928099396382,-22.55654362020473,-35.43310814955197,171.24928099396382
NVDA,Historical Bootstrap,Probability,2016,0.5892,25.902087552309954,HOLD,0.6049669008602906,0.8030001521110535,67.11558154972793,-49.9924417994986,-58.539834812112645,0.0
NVDA,Historical Bootstrap,Probability,2017,0.5888,24.59155748187786,HOLD,1.0004703960970098,2.625490427017212,226.9601406817805,-51.12705635987771,-60.06094841888069,0.0
NVDA,Historical Bootstrap,Probability,2018,0.634,32.22966647131755,HOLD,3.47167723488123,4.778075695037842,81.98793055460331,-47.518104045142856,-56.461632340324805,0.0
NVDA,Historical Bootstrap,Probability,2019,0.6499,34.661713437403044,HOLD,6.434238600274062,3.3057000637054443,-30.81524289917589,-44.6373116586585,-54.63658310582345,0.0
NVDA,Historical Bootstrap,Probability,2020,0.7418,44.63686645626558,BUY,4.78126098658633,5.849206924438477,76.94306233826761,-34.661754547088734,-44.457749590541965,76.94306233826761
NVDA,Historical Bootstrap,Probability,2021,0.7388,41.00376027511876,BUY,8.247601709730876,13.002532005310059,122.29564064462124,-32.557207395458754,-43.08522964133882,122.29564064462124
NVDA,Historical Bootstrap,Probability,2022,0.8014,56.33577116834228,BUY,20.327608681912,29.318378448486328,125.48207100365605,-27.84579653605208,-38.2471510223652,125.48207100365605
NVDA,Historical Bootstrap,Probability,2023,0.8652,69.28287110789645,BUY,49.6309927998764,14.581599235534668,-50.264646248580306,-19.81544169566422,-31.959879477369057,-50.264646248580306
NVDA,Historical Bootstrap,Probability,2024,0.8094,63.17319788201633,BUY,23.793261774961564,49.43413543701172,239.01724110304082,-29.00904556759168,-40.69895218979584,239.01724110304082
NVDA,Historical Bootstrap,Probability,2025,0.8584,81.50920783765217,BUY,89.72750763311207,134.08973693847656,171.24928099396382,-22.55654362020473,-35.43310814955197,171.24928099396382
NVDA,Historical Bootstrap,Probability + VaR,2016,0.5892,25.902087552309954,HOLD,0.6049669008602906,0.8030001521110535,67.11558154972793,-49.9924417994986,-58.539834812112645,0.0
NVDA,Historical Bootstrap,Probability + VaR,2017,0.5888,24.59155748187786,HOLD,1.0004703960970098,2.625490427017212,226.9601406817805,-51.12705635987771,-60.06094841888069,0.0
NVDA,Historical Bootstrap,Probability + VaR,2018,0.634,32.22966647131755,HOLD,3.47167723488123,4.778075695037842,81.98793055460331,-47.518104045142856,-56.461632340324805,0.0
NVDA,Historical Bootstrap,Probability + VaR,2019,0.6499,34.661713437403044,HOLD,6.434238600274062,3.3057000637054443,-30.81524289917589,-44.6373116586585,-54.63658310582345,0.0
NVDA,Historical Bootstrap,Probability + VaR,2020,0.7418,44.63686645626558,HOLD,4.78126098658633,5.849206924438477,76.94306233826761,-34.661754547088734,-44.457749590541965,0.0
NVDA,Historical Bootstrap,Probability + VaR,2021,0.7388,41.00376027511876,HOLD,8.247601709730876,13.002532005310059,122.29564064462124,-32.557207395458754,-43.08522964133882,0.0
NVDA,Historical Bootstrap,Probability + VaR,2022,0.8014,56.33577116834228,HOLD,20.327608681912,29.318378448486328,125.48207100365605,-27.84579653605208,-38.2471510223652,0.0
NVDA,Historical Bootstrap,Probability + VaR,2023,0.8652,69.28287110789645,BUY,49.6309927998764,14.581599235534668,-50.264646248580306,-19.81544169566422,-31.959879477369057,-50.264646248580306
NVDA,Historical Bootstrap,Probability + VaR,2024,0.8094,63.17319788201633,HOLD,23.793261774961564,49.43413543701172,239.01724110304082,-29.00904556759168,-40.69895218979584,0.0
NVDA,Historical Bootstrap,Probability + VaR,2025,0.8584,81.50920783765217,BUY,89.72750763311207,134.08973693847656,171.24928099396382,-22.55654362020473,-35.43310814955197,171.24928099396382
NVDA,Jump Diffusion,Expected Return,2016,0.5641,26.891866285046323,BUY,0.6097228456116607,0.8030001521110535,67.11558154972793,-55.03672493567979,-63.623911302513335,67.11558154972793
NVDA,Jump Diffusion,Expected Return,2017,0.5767,27.07979615134078,BUY,1.0204509563976831,2.625490427017212,226.9601406817805,-54.126364920856375,-62.80557384971011,226.9601406817805
NVDA,Jump Diffusion,Expected Return,2018,0.6262,38.63742314846345,BUY,3.639912273026252,4.778075695037842,81.98793055460331,-51.06990140000479,-60.66576326158783,81.98793055460331
NVDA,Jump Diffusion,Expected Return,2019,0.6754,47.74419544971199,BUY,7.0593294936118935,3.3057000637054443,-30.81524289917589,-48.07804152394975,-57.735329831832246,-30.81524289917589
NVDA,Jump Diffusion,Expected Return,2020,0.7536,56.304087196451526,BUY,5.166944310027311,5.849206924438477,76.94306233826761,-36.23881768289855,-47.43775816094432,76.94306233826761
NVDA,Jump Diffusion,Expected Return,2021,0.7637,54.88783185677505,BUY,9.059709786079111,13.002532005310059,122.29564064462124,-33.33444520954478,-43.92807301470065,122.29564064462124
NVDA,Jump Diffusion,Expected Return,2022,0.8117,72.51821162851407,BUY,22.43173568198608,29.318378448486328,125.48207100365605,-28.972170584751193,-41.2743446494881,125.48207100365605
NVDA,Jump Diffusion,Expected Return,2023,0.8741,89.3909899126866,BUY,55.52636716993602,14.581599235534668,-50.264646248580306,-20.09744991493808,-31.911976658053405,-50.264646248580306
NVDA,Jump Diffusion,Expected Return,2024,0.8261,79.81686905547078,BUY,26.220175203554902,49.43413543701172,239.01724110304082,-30.104280348709896,-41.896659058383996,239.01724110304082
NVDA,Jump Diffusion,Expected Return,2025,0.8718,109.9971672484511,BUY,103.81028407148733,134.08973693847656,171.24928099396382,-23.053981819544312,-37.0309556819006,171.24928099396382
NVDA,Jump Diffusion,Probability,2016,0.5641,26.891866285046323,HOLD,0.6097228456116607,0.8030001521110535,67.11558154972793,-55.03672493567979,-63.623911302513335,0.0
NVDA,Jump Diffusion,Probability,2017,0.5767,27.07979615134078,HOLD,1.0204509563976831,2.625490427017212,226.9601406817805,-54.126364920856375,-62.80557384971011,0.0
NVDA,Jump Diffusion,Probability,2018,0.6262,38.63742314846345,HOLD,3.639912273026252,4.778075695037842,81.98793055460331,-51.06990140000479,-60.66576326158783,0.0
NVDA,Jump Diffusion,Probability,2019,0.6754,47.74419544971199,HOLD,7.0593294936118935,3.3057000637054443,-30.81524289917589,-48.07804152394975,-57.735329831832246,0.0
NVDA,Jump Diffusion,Probability,2020,0.7536,56.304087196451526,BUY,5.166944310027311,5.849206924438477,76.94306233826761,-36.23881768289855,-47.43775816094432,76.94306233826761
NVDA,Jump Diffusion,Probability,2021,0.7637,54.88783185677505,BUY,9.059709786079111,13.002532005310059,122.29564064462124,-33.33444520954478,-43.92807301470065,122.29564064462124
NVDA,Jump Diffusion,Probability,2022,0.8117,72.51821162851407,BUY,22.43173568198608,29.318378448486328,125.48207100365605,-28.972170584751193,-41.2743446494881,125.48207100365605
NVDA,Jump Diffusion,Probability,2023,0.8741,89.3909899126866,BUY,55.52636716993602,14.581599235534668,-50.264646248580306,-20.09744991493808,-31.911976658053405,-50.264646248580306
NVDA,Jump Diffusion,Probability,2024,0.8261,79.81686905547078,BUY,26.220175203554902,49.43413543701172,239.01724110304082,-30.104280348709896,-41.896659058383996,239.01724110304082
NVDA,Jump Diffusion,Probability,2025,0.8718,109.9971672484511,BUY,103.81028407148733,134.08973693847656,171.24928099396382,-23.053981819544312,-37.0309556819006,171.24928099396382
NVDA,Jump Diffusion,Probability + VaR,2016,0.5641,26.891866285046323,HOLD,0.6097228456116607,0.8030001521110535,67.11558154972793,-55.03672493567979,-63.623911302513335,0.0
NVDA,Jump Diffusion,Probability + VaR,2017,0.5767,27.07979615134078,HOLD,1.0204509563976831,2.625490427017212,226.9601406817805,-54.126364920856375,-62.80557384971011,0.0
NVDA,Jump Diffusion,Probability + VaR,2018,0.6262,38.63742314846345,HOLD,3.639912273026252,4.778075695037842,81.98793055460331,-51.06990140000479,-60.66576326158783,0.0
NVDA,Jump Diffusion,Probability + VaR,2019,0.6754,47.74419544971199,HOLD,7.0593294936118935,3.3057000637054443,-30.81524289917589,-48.07804152394975,-57.735329831832246,0.0
NVDA,Jump Diffusion,Probability + VaR,2020,0.7536,56.304087196451526,HOLD,5.166944310027311,5.849206924438477,76.94306233826761,-36.23881768289855,-47.43775816094432,0.0
NVDA,Jump Diffusion,Probability + VaR,2021,0.7637,54.88783185677505,HOLD,9.059709786079111,13.002532005310059,122.29564064462124,-33.33444520954478,-43.92807301470065,0.0
NVDA,Jump Diffusion,Probability + VaR,2022,0.8117,72.51821162851407,HOLD,22.43173568198608,29.318378448486328,125.48207100365605,-28.972170584751193,-41.2743446494881,0.0
NVDA,Jump Diffusion,Probability + VaR,2023,0.8741,89.3909899126866,BUY,55.52636716993602,14.581599235534668,-50.264646248580306,-20.09744991493808,-31.911976658053405,-50.264646248580306
NVDA,Jump Diffusion,Probability + VaR,2024,0.8261,79.81686905547078,HOLD,26.220175203554902,49.43413543701172,239.01724110304082,-30.104280348709896,-41.896659058383996,0.0
NVDA,Jump Diffusion,Probability + VaR,2025,0.8718,109.9971672484511,BUY,103.81028407148733,134.08973693847656,171.24928099396382,-23.053981819544312,-37.0309556819006,171.24928099396382
SPY,GARCH,Expected Return,2016,0.7159,11.710886301080663,BUY,189.66129251139392,171.87428283691406,1.2343014952343556,-17.611204141629447,-24.89414390677009,1.2343014952343556
SPY,GARCH,Expected Return,2017,0.6987,11.218396462380237,BUY,191.15582130243183,192.4955291748047,11.997866113255267,-18.99589417794018,-26.228968919893113,11.997866113255267
SPY,GARCH,Expected Return,2018,0.6979,11.410866459549288,BUY,214.4609369495444,234.2774658203125,21.705406263002473,-18.75336291762953,-25.857936015477012,21.705406263002473
SPY,GARCH,Expected Return,2019,0.7332,12.96020985738883,BUY,264.6403170391974,223.57337951660156,-4.568978184150592,-17.57392660785732,-25.698360442703148,-4.568978184150592
SPY,GARCH,Expected Return,2020,0.7984,15.934078075799487,BUY,259.19773636548035,293.38165283203125,31.22387534077868,-12.667574828093139,-19.820863034035035,31.22387534077868
SPY,GARCH,Expected Return,2021,0.8259,15.898561134859253,BUY,340.0251142659923,347.16326904296875,18.33162220329057,-10.186425522780068,-16.893367326091447,18.33162220329057
SPY,GARCH,Expected Return,2022,0.8153,16.80728227622194,BUY,405.5119796303803,446.89892578125,28.72874685539871,-11.582096688136016,-18.948165433126498,28.72874685539871
SPY,GARCH,Expected Return,2023,0.8651,19.14390477171062,BUY,532.4528305586102,365.67340087890625,-18.175368123865745,-7.76845505276852,-14.200837362067222,-18.175368123865745
SPY,GARCH,Expected Return,2024,0.7822,15.939874540803403,BUY,423.961282208093,461.3913879394531,26.175813398099514,-14.776858892455632,-23.287627333065032,26.175813398099514
SPY,GARCH,Expected Return,2025,0.7871,16.027266531761942,BUY,535.339815439105,576.2152709960938,24.886438294706224,-14.483240584967891,-23.1913648736097,24.886438294706224
SPY,GARCH,Probability,2016,0.7159,11.710886301080663,BUY,189.66129251139392,171.87428283691406,1.2343014952343556,-17.611204141629447,-24.89414390677009,1.2343014952343556
SPY,GARCH,Probability,2017,0.6987,11.218396462380237,HOLD,191.15582130243183,192.4955291748047,11.997866113255267,-18.99589417794018,-26.228968919893113,0.0
SPY,GARCH,Probability,2018,0.6979,11.410866459549288,HOLD,214.4609369495444,234.2774658203125,21.705406263002473,-18.75336291762953,-25.857936015477012,0.0
SPY,GARCH,Probability,2019,0.7332,12.96020985738883,BUY,264.6403170391974,223.57337951660156,-4.568978184150592,-17.57392660785732,-25.698360442703148,-4.568978184150592
SPY,GARCH,Probability,2020,0.7984,15.934078075799487,BUY,259.19773636548035,293.38165283203125,31.22387534077868,-12.667574828093139,-19.820863034035035,31.22387534077868
SPY,GARCH,Probability,2021,0.8259,15.898561134859253,BUY,340.0251142659923,347.16326904296875,18.33162220329057,-10.186425522780068,-16.893367326091447,18.33162220329057
SPY,GARCH,Probability,2022,0.8153,16.80728227622194,BUY,405.5119796303803,446.89892578125,28.72874685539871,-11.582096688136016,-18.948165433126498,28.72874685539871
SPY,GARCH,Probability,2023,0.8651,19.14390477171062,BUY,532.4528305586102,365.67340087890625,-18.175368123865745,-7.76845505276852,-14.200837362067222,-18.175368123865745
SPY,GARCH,Probability,2024,0.7822,15.939874540803403,BUY,423.961282208093,461.3913879394531,26.175813398099514,-14.776858892455632,-23.287627333065032,26.175813398099514
SPY,GARCH,Probability,2025,0.7871,16.027266531761942,BUY,535.339815439105,576.2152709960938,24.886438294706224,-14.483240584967891,-23.1913648736097,24.886438294706224
SPY,GARCH,Probability + VaR,2016,0.7159,11.710886301080663,BUY,189.66129251139392,171.87428283691406,1.2343014952343556,-17.611204141629447,-24.89414390677009,1.2343014952343556
SPY,GARCH,Probability + VaR,2017,0.6987,11.218396462380237,HOLD,191.15582130243183,192.4955291748047,11.997866113255267,-18.99589417794018,-26.228968919893113,0.0
SPY,GARCH,Probability + VaR,2018,0.6979,11.410866459549288,HOLD,214.4609369495444,234.2774658203125,21.705406263002473,-18.75336291762953,-25.857936015477012,0.0
SPY,GARCH,Probability + VaR,2019,0.7332,12.96020985738883,BUY,264.6403170391974,223.57337951660156,-4.568978184150592,-17.57392660785732,-25.698360442703148,-4.568978184150592
SPY,GARCH,Probability + VaR,2020,0.7984,15.934078075799487,BUY,259.19773636548035,293.38165283203125,31.22387534077868,-12.667574828093139,-19.820863034035035,31.22387534077868
SPY,GARCH,Probability + VaR,2021,0.8259,15.898561134859253,BUY,340.0251142659923,347.16326904296875,18.33162220329057,-10.186425522780068,-16.893367326091447,18.33162220329057
SPY,GARCH,Probability + VaR,2022,0.8153,16.80728227622194,BUY,405.5119796303803,446.89892578125,28.72874685539871,-11.582096688136016,-18.948165433126498,28.72874685539871
SPY,GARCH,Probability + VaR,2023,0.8651,19.14390477171062,BUY,532.4528305586102,365.67340087890625,-18.175368123865745,-7.76845505276852,-14.200837362067222,-18.175368123865745
SPY,GARCH,Probability + VaR,2024,0.7822,15.939874540803403,BUY,423.961282208093,461.3913879394531,26.175813398099514,-14.776858892455632,-23.287627333065032,26.175813398099514
SPY,GARCH,Probability + VaR,2025,0.7871,16.027266531761942,BUY,535.339815439105,576.2152709960938,24.886438294706224,-14.483240584967891,-23.1913648736097,24.886438294706224
SPY,GBM,Expected Return,2016,0.6421,9.948990044365278,HOLD,186.6699679199929,171.87428283691406,1.2343014952343556,-22.557274493429997,-28.474769635139985,0.0
SPY,GBM,Expected Return,2017,0.6299,9.553786094903515,HOLD,188.2947841713023,192.4955291748047,11.997866113255267,-23.756781519496283,-29.941700399375833,0.0
SPY,GBM,Expected Return,2018,0.6274,9.303708022597927,HOLD,210.40475116578332,234.2774658203125,21.705406263002473,-23.926552620021592,-30.444293672962463,0.0
SPY,GBM,Expected Return,2019,0.6562,10.827424364562276,BUY,259.6436812352201,223.57337951660156,-4.568978184150592,-22.546468994938035,-28.824249394971694,-4.568978184150592
SPY,GBM,Expected Return,2020,0.7665,14.265404476102791,BUY,255.46702640553713,293.38165283203125,31.22387534077868,-14.040546058174971,-19.703069712034726,31.22387534077868
SPY,GBM,Expected Return,2021,0.8086,14.884781953285309,BUY,337.0508721470236,347.16326904296875,18.33162220329057,-10.589099035936291,-16.004288994710198,18.33162220329057
SPY,GBM,Expected Return,2022,0.7695,15.315725874129033,BUY,400.3338436652549,446.89892578125,28.72874685539871,-14.202729395680969,-20.077677746837953,28.72874685539871
SPY,GBM,Expected Return,2023,0.8171,17.83916396403404,BUY,526.621957904874,365.67340087890625,-18.175368123865745,-11.094827445446933,-16.882622622496545,-18.175368123865745
SPY,GBM,Expected Return,2024,0.7495,14.103614463978639,BUY,417.24656753618626,461.3913879394531,26.175813398099514,-15.655490987044688,-21.439888133589736,26.175813398099514
SPY,GBM,Expected Return,2025,0.7461,14.142559420584522,BUY,526.6439391402499,576.2152709960938,24.886438294706224,-15.688129004194574,-21.075447368294643,24.886438294706224
SPY,GBM,Probability,2016,0.6421,9.948990044365278,HOLD,186.6699679199929,171.87428283691406,1.2343014952343556,-22.557274493429997,-28.474769635139985,0.0
SPY,GBM,Probability,2017,0.6299,9.553786094903515,HOLD,188.2947841713023,192.4955291748047,11.997866113255267,-23.756781519496283,-29.941700399375833,0.0
SPY,GBM,Probability,2018,0.6274,9.303708022597927,HOLD,210.40475116578332,234.2774658203125,21.705406263002473,-23.926552620021592,-30.444293672962463,0.0
SPY,GBM,Probability,2019,0.6562,10.827424364562276,HOLD,259.6436812352201,223.57337951660156,-4.568978184150592,-22.546468994938035,-28.824249394971694,0.0
SPY,GBM,Probability,2020,0.7665,14.265404476102791,BUY,255.46702640553713,293.38165283203125,31.22387534077868,-14.040546058174971,-19.703069712034726,31.22387534077868
SPY,GBM,Probability,2021,0.8086,14.884781953285309,BUY,337.0508721470236,347.16326904296875,18.33162220329057,-10.589099035936291,-16.004288994710198,18.33162220329057
SPY,GBM,Probability,2022,0.7695,15.315725874129033,BUY,400.3338436652549,446.89892578125,28.72874685539871,-14.202729395680969,-20.077677746837953,28.72874685539871
SPY,GBM,Probability,2023,0.8171,17.83916396403404,BUY,526.621957904874,365.67340087890625,-18.175368123865745,-11.094827445446933,-16.882622622496545,-18.175368123865745
SPY,GBM,Probability,2024,0.7495,14.103614463978639,BUY,417.24656753618626,461.3913879394531,26.175813398099514,-15.655490987044688,-21.439888133589736,26.175813398099514
SPY,GBM,Probability,2025,0.7461,14.142559420584522,BUY,526.6439391402499,576.2152709960938,24.886438294706224,-15.688129004194574,-21.075447368294643,24.886438294706224
SPY,GBM,Probability + VaR,2016,0.6421,9.948990044365278,HOLD,186.6699679199929,171.87428283691406,1.2343014952343556,-22.557274493429997,-28.474769635139985,0.0
SPY,GBM,Probability + VaR,2017,0.6299,9.553786094903515,HOLD,188.2947841713023,192.4955291748047,11.997866113255267,-23.756781519496283,-29.941700399375833,0.0
SPY,GBM,Probability + VaR,2018,0.6274,9.303708022597927,HOLD,210.40475116578332,234.2774658203125,21.705406263002473,-23.926552620021592,-30.444293672962463,0.0
SPY,GBM,Probability + VaR,2019,0.6562,10.827424364562276,HOLD,259.6436812352201,223.57337951660156,-4.568978184150592,-22.546468994938035,-28.824249394971694,0.0
SPY,GBM,Probability + VaR,2020,0.7665,14.265404476102791,BUY,255.46702640553713,293.38165283203125,31.22387534077868,-14.040546058174971,-19.703069712034726,31.22387534077868
SPY,GBM,Probability + VaR,2021,0.8086,14.884781953285309,BUY,337.0508721470236,347.16326904296875,18.33162220329057,-10.589099035936291,-16.004288994710198,18.33162220329057
SPY,GBM,Probability + VaR,2022,0.7695,15.315725874129033,BUY,400.3338436652549,446.89892578125,28.72874685539871,-14.202729395680969,-20.077677746837953,28.72874685539871
SPY,GBM,Probability + VaR,2023,0.8171,17.83916396403404,BUY,526.621957904874,365.67340087890625,-18.175368123865745,-11.094827445446933,-16.882622622496545,-18.175368123865745
SPY,GBM,Probability + VaR,2024,0.7495,14.103614463978639,BUY,417.24656753618626,461.3913879394531,26.175813398099514,-15.655490987044688,-21.439888133589736,26.175813398099514
SPY,GBM,Probability + VaR,2025,0.7461,14.142559420584522,BUY,526.6439391402499,576.2152709960938,24.886438294706224,-15.688129004194574,-21.075447368294643,24.886438294706224
SPY,Historical Bootstrap,Expected Return,2016,0.6389,9.638311656569613,HOLD,186.14250218647547,171.87428283691406,1.2343014952343556,-23.21025571750531,-29.4359186198547,0.0
SPY,Historical Bootstrap,Expected Return,2017,0.626,8.966059692591324,HOLD,187.28463363228502,192.4955291748047,11.997866113255267,-24.23322476590018,-30.91020690235972,0.0
SPY,Historical Bootstrap,Expected Return,2018,0.6319,9.461732223487884,HOLD,210.7089406875107,234.2774658203125,21.705406263002473,-24.109867418959162,-30.433513612928024,0.0
SPY,Historical Bootstrap,Expected Return,2019,0.6578,10.87005336683335,BUY,259.74355138144523,223.57337951660156,-4.568978184150592,-22.747309281807034,-29.14893168413135,-4.568978184150592
SPY,Historical Bootstrap,Expected Return,2020,0.7672,14.404178157881157,BUY,255.77728741576863,293.38165283203125,31.22387534077868,-13.969532540641927,-19.659391097048957,31.22387534077868
SPY,Historical Bootstrap,Expected Return,2021,0.7986,14.504944685482766,BUY,335.93649929267247,347.16326904296875,18.33162220329057,-10.987275204890874,-16.283019574234036,18.33162220329057
SPY,Historical Bootstrap,Expected Return,2022,0.7735,15.191004665184485,BUY,399.9008574390931,446.89892578125,28.72874685539871,-15.2460371015294,-21.376937227754294,28.72874685539871
SPY,Historical Bootstrap,Expected Return,2023,0.8227,17.77063430809723,BUY,526.3156996086508,365.67340087890625,-18.175368123865745,-10.861344969601639,-17.09603435209755,-18.175368123865745
SPY,Historical Bootstrap,Expected Return,2024,0.7487,13.859663401605133,BUY,416.35450338992484,461.3913879394531,26.175813398099514,-15.782028061398579,-21.648725546085405,26.175813398099514
SPY,Historical Bootstrap,Expected Return,2025,0.7466,14.135213595577786,BUY,526.6100461362958,576.2152709960938,24.886438294706224,-16.413386610836582,-22.369656081851886,24.886438294706224
SPY,Historical Bootstrap,Probability,2016,0.6389,9.638311656569613,HOLD,186.14250218647547,171.87428283691406,1.2343014952343556,-23.21025571750531,-29.4359186198547,0.0
SPY,Historical Bootstrap,Probability,2017,0.626,8.966059692591324,HOLD,187.28463363228502,192.4955291748047,11.997866113255267,-24.23322476590018,-30.91020690235972,0.0
SPY,Historical Bootstrap,Probability,2018,0.6319,9.461732223487884,HOLD,210.7089406875107,234.2774658203125,21.705406263002473,-24.109867418959162,-30.433513612928024,0.0
SPY,Historical Bootstrap,Probability,2019,0.6578,10.87005336683335,HOLD,259.74355138144523,223.57337951660156,-4.568978184150592,-22.747309281807034,-29.14893168413135,0.0
SPY,Historical Bootstrap,Probability,2020,0.7672,14.404178157881157,BUY,255.77728741576863,293.38165283203125,31.22387534077868,-13.969532540641927,-19.659391097048957,31.22387534077868
SPY,Historical Bootstrap,Probability,2021,0.7986,14.504944685482766,BUY,335.93649929267247,347.16326904296875,18.33162220329057,-10.987275204890874,-16.283019574234036,18.33162220329057
SPY,Historical Bootstrap,Probability,2022,0.7735,15.191004665184485,BUY,399.9008574390931,446.89892578125,28.72874685539871,-15.2460371015294,-21.376937227754294,28.72874685539871
SPY,Historical Bootstrap,Probability,2023,0.8227,17.77063430809723,BUY,526.3156996086508,365.67340087890625,-18.175368123865745,-10.861344969601639,-17.09603435209755,-18.175368123865745
SPY,Historical Bootstrap,Probability,2024,0.7487,13.859663401605133,BUY,416.35450338992484,461.3913879394531,26.175813398099514,-15.782028061398579,-21.648725546085405,26.175813398099514
SPY,Historical Bootstrap,Probability,2025,0.7466,14.135213595577786,BUY,526.6100461362958,576.2152709960938,24.886438294706224,-16.413386610836582,-22.369656081851886,24.886438294706224
SPY,Historical Bootstrap,Probability + VaR,2016,0.6389,9.638311656569613,HOLD,186.14250218647547,171.87428283691406,1.2343014952343556,-23.21025571750531,-29.4359186198547,0.0
SPY,Historical Bootstrap,Probability + VaR,2017,0.626,8.966059692591324,HOLD,187.28463363228502,192.4955291748047,11.997866113255267,-24.23322476590018,-30.91020690235972,0.0
SPY,Historical Bootstrap,Probability + VaR,2018,0.6319,9.461732223487884,HOLD,210.7089406875107,234.2774658203125,21.705406263002473,-24.109867418959162,-30.433513612928024,0.0
SPY,Historical Bootstrap,Probability + VaR,2019,0.6578,10.87005336683335,HOLD,259.74355138144523,223.57337951660156,-4.568978184150592,-22.747309281807034,-29.14893168413135,0.0
SPY,Historical Bootstrap,Probability + VaR,2020,0.7672,14.404178157881157,BUY,255.77728741576863,293.38165283203125,31.22387534077868,-13.969532540641927,-19.659391097048957,31.22387534077868
SPY,Historical Bootstrap,Probability + VaR,2021,0.7986,14.504944685482766,BUY,335.93649929267247,347.16326904296875,18.33162220329057,-10.987275204890874,-16.283019574234036,18.33162220329057
SPY,Historical Bootstrap,Probability + VaR,2022,0.7735,15.191004665184485,BUY,399.9008574390931,446.89892578125,28.72874685539871,-15.2460371015294,-21.376937227754294,28.72874685539871
SPY,Historical Bootstrap,Probability + VaR,2023,0.8227,17.77063430809723,BUY,526.3156996086508,365.67340087890625,-18.175368123865745,-10.861344969601639,-17.09603435209755,-18.175368123865745
SPY,Historical Bootstrap,Probability + VaR,2024,0.7487,13.859663401605133,BUY,416.35450338992484,461.3913879394531,26.175813398099514,-15.782028061398579,-21.648725546085405,26.175813398099514
SPY,Historical Bootstrap,Probability + VaR,2025,0.7466,14.135213595577786,BUY,526.6100461362958,576.2152709960938,24.886438294706224,-16.413386610836582,-22.369656081851886,24.886438294706224
SPY,Jump Diffusion,Expected Return,2016,0.5792,7.841933980579204,HOLD,183.09263548907322,171.87428283691406,1.2343014952343556,-29.56784787728936,-36.28578106141826,0.0
SPY,Jump Diffusion,Expected Return,2017,0.5653,6.903461742249332,HOLD,183.73955819732583,192.4955291748047,11.997866113255267,-29.639110025899207,-36.48247047366204,0.0
SPY,Jump Diffusion,Expected Return,2018,0.5747,7.301613136783047,HOLD,206.55080802075227,234.2774658203125,21.705406263002473,-29.71128699757781,-36.331100314565056,0.0
SPY,Jump Diffusion,Expected Return,2019,0.5947,8.546023634437283,HOLD,254.29887341947713,223.57337951660156,-4.568978184150592,-28.04931029183455,-35.0257164677349,0.0
SPY,Jump Diffusion,Expected Return,2020,0.7333,13.807707594597286,BUY,254.44373801961316,293.38165283203125,31.22387534077868,-17.196615638129003,-23.348560704630632,31.22387534077868
SPY,Jump Diffusion,Expected Return,2021,0.7453,12.955928136897471,BUY,331.39196893979124,347.16326904296875,18.33162220329057,-14.67422616810623,-19.929814009129757,18.33162220329057
SPY,Jump Diffusion,Expected Return,2022,0.7104,13.684990044247833,BUY,394.67252784878434,446.89892578125,28.72874685539871,-19.543400982839028,-26.173760532281413,28.72874685539871
SPY,Jump Diffusion,Expected Return,2023,0.7698,16.836612674540177,BUY,522.1415669617198,365.67340087890625,-18.175368123865745,-15.628891802698528,-22.1139163418106,-18.175368123865745
SPY,Jump Diffusion,Expected Return,2024,0.6911,12.606547296916077,BUY,411.7721911129471,461.3913879394531,26.175813398099514,-20.900157508591867,-26.994268880886846,26.175813398099514
SPY,Jump Diffusion,Expected Return,2025,0.6864,12.352415694459706,BUY,518.3843701561716,576.2152709960938,24.886438294706224,-21.073447966006505,-27.147921517145306,24.886438294706224
SPY,Jump Diffusion,Probability,2016,0.5792,7.841933980579204,HOLD,183.09263548907322,171.87428283691406,1.2343014952343556,-29.56784787728936,-36.28578106141826,0.0
SPY,Jump Diffusion,Probability,2017,0.5653,6.903461742249332,HOLD,183.73955819732583,192.4955291748047,11.997866113255267,-29.639110025899207,-36.48247047366204,0.0
SPY,Jump Diffusion,Probability,2018,0.5747,7.301613136783047,HOLD,206.55080802075227,234.2774658203125,21.705406263002473,-29.71128699757781,-36.331100314565056,0.0
SPY,Jump Diffusion,Probability,2019,0.5947,8.546023634437283,HOLD,254.29887341947713,223.57337951660156,-4.568978184150592,-28.04931029183455,-35.0257164677349,0.0
SPY,Jump Diffusion,Probability,2020,0.7333,13.807707594597286,BUY,254.44373801961316,293.38165283203125,31.22387534077868,-17.196615638129003,-23.348560704630632,31.22387534077868
SPY,Jump Diffusion,Probability,2021,0.7453,12.955928136897471,BUY,331.39196893979124,347.16326904296875,18.33162220329057,-14.67422616810623,-19.929814009129757,18.33162220329057
SPY,Jump Diffusion,Probability,2022,0.7104,13.684990044247833,BUY,394.67252784878434,446.89892578125,28.72874685539871,-19.543400982839028,-26.173760532281413,28.72874685539871
SPY,Jump Diffusion,Probability,2023,0.7698,16.836612674540177,BUY,522.1415669617198,365.67340087890625,-18.175368123865745,-15.628891802698528,-22.1139163418106,-18.175368123865745
SPY,Jump Diffusion,Probability,2024,0.6911,12.606547296916077,HOLD,411.7721911129471,461.3913879394531,26.175813398099514,-20.900157508591867,-26.994268880886846,0.0
SPY,Jump Diffusion,Probability,2025,0.6864,12.352415694459706,HOLD,518.3843701561716,576.2152709960938,24.886438294706224,-21.073447966006505,-27.147921517145306,0.0
SPY,Jump Diffusion,Probability + VaR,2016,0.5792,7.841933980579204,HOLD,183.09263548907322,171.87428283691406,1.2343014952343556,-29.56784787728936,-36.28578106141826,0.0
SPY,Jump Diffusion,Probability + VaR,2017,0.5653,6.903461742249332,HOLD,183.73955819732583,192.4955291748047,11.997866113255267,-29.639110025899207,-36.48247047366204,0.0
SPY,Jump Diffusion,Probability + VaR,2018,0.5747,7.301613136783047,HOLD,206.55080802075227,234.2774658203125,21.705406263002473,-29.71128699757781,-36.331100314565056,0.0
SPY,Jump Diffusion,Probability + VaR,2019,0.5947,8.546023634437283,HOLD,254.29887341947713,223.57337951660156,-4.568978184150592,-28.04931029183455,-35.0257164677349,0.0
SPY,Jump Diffusion,Probability + VaR,2020,0.7333,13.807707594597286,BUY,254.44373801961316,293.38165283203125,31.22387534077868,-17.196615638129003,-23.348560704630632,31.22387534077868
SPY,Jump Diffusion,Probability + VaR,2021,0.7453,12.955928136897471,BUY,331.39196893979124,347.16326904296875,18.33162220329057,-14.67422616810623,-19.929814009129757,18.33162220329057
SPY,Jump Diffusion,Probability + VaR,2022,0.7104,13.684990044247833,BUY,394.67252784878434,446.89892578125,28.72874685539871,-19.543400982839028,-26.173760532281413,28.72874685539871
SPY,Jump Diffusion,Probability + VaR,2023,0.7698,16.836612674540177,BUY,522.1415669617198,365.67340087890625,-18.175368123865745,-15.628891802698528,-22.1139163418106,-18.175368123865745
SPY,Jump Diffusion,Probability + VaR,2024,0.6911,12.606547296916077,HOLD,411.7721911129471,461.3913879394531,26.175813398099514,-20.900157508591867,-26.994268880886846,0.0
SPY,Jump Diffusion,Probability + VaR,2025,0.6864,12.352415694459706,HOLD,518.3843701561716,576.2152709960938,24.886438294706224,-21.073447966006505,-27.147921517145306,0.0
TSLA,GARCH,Expected Return,2016,0.8754,127.03767364740806,BUY,33.66363292954455,16.000667572021484,7.9133185048791495,-24.391781537163975,-39.85302981597532,7.9133185048791495
TSLA,GARCH,Expected Return,2017,0.8526,105.37393232751748,BUY,32.86120019131444,14.246000289916992,-10.966212967093172,-27.84881618700953,-42.109533905136544,-10.966212967093172
TSLA,GARCH,Expected Return,2018,0.8097,81.72411358507931,BUY,25.88841774817948,20.75666618347168,45.701711084217756,-32.76668730279646,-44.4623955350753,45.701711084217756
TSLA,GARCH,Expected Return,2019,0.8354,78.09293964294116,BUY,36.966156978017,22.18666648864746,6.889354449003355,-27.14982367348814,-40.09336743298865,6.889354449003355
TSLA,GARCH,Expected Return,2020,0.8019,75.44358512322042,BUY,38.925083107015226,27.8886661529541,25.700118885476808,-33.281863557146245,-45.61193949638805,25.700118885476808
TSLA,GARCH,Expected Return,2021,0.7929,74.10341533602676,BUY,48.555120263955594,235.22332763671875,743.4369946079431,-33.73729631879406,-45.34828107990958,743.4369946079431
TSLA,GARCH,Expected Return,2022,0.88,121.01611243768926,BUY,519.8814542892445,352.260009765625,49.755559240135774,-22.405853198688906,-38.045513758169115,49.755559240135774
TSLA,GARCH,Expected Return,2023,0.899,130.76780675513228,BUY,812.9026986115476,123.18000030517578,-65.03151169866453,-18.21287095620299,-34.61950103220532,-65.03151169866453
TSLA,GARCH,Expected Return,2024,0.8299,108.33899762226669,BUY,256.6319779069083,248.47999572753906,101.72105464518206,-33.818307545598294,-47.11077768942085,101.72105464518206
TSLA,GARCH,Expected Return,2025,0.8124,87.0814839025834,BUY,464.8600632081559,403.8399963378906,62.52414813331912,-32.470636629497434,-46.08462603105426,62.52414813331912
TSLA,GARCH,Probability,2016,0.8754,127.03767364740806,BUY,33.66363292954455,16.000667572021484,7.9133185048791495,-24.391781537163975,-39.85302981597532,7.9133185048791495
TSLA,GARCH,Probability,2017,0.8526,105.37393232751748,BUY,32.86120019131444,14.246000289916992,-10.966212967093172,-27.84881618700953,-42.109533905136544,-10.966212967093172
TSLA,GARCH,Probability,2018,0.8097,81.72411358507931,BUY,25.88841774817948,20.75666618347168,45.701711084217756,-32.76668730279646,-44.4623955350753,45.701711084217756
TSLA,GARCH,Probability,2019,0.8354,78.09293964294116,BUY,36.966156978017,22.18666648864746,6.889354449003355,-27.14982367348814,-40.09336743298865,6.889354449003355
TSLA,GARCH,Probability,2020,0.8019,75.44358512322042,BUY,38.925083107015226,27.8886661529541,25.700118885476808,-33.281863557146245,-45.61193949638805,25.700118885476808
TSLA,GARCH,Probability,2021,0.7929,74.10341533602676,BUY,48.555120263955594,235.22332763671875,743.4369946079431,-33.73729631879406,-45.34828107990958,743.4369946079431
TSLA,GARCH,Probability,2022,0.88,121.01611243768926,BUY,519.8814542892445,352.260009765625,49.755559240135774,-22.405853198688906,-38.045513758169115,49.755559240135774
TSLA,GARCH,Probability,2023,0.899,130.76780675513228,BUY,812.9026986115476,123.18000030517578,-65.03151169866453,-18.21287095620299,-34.61950103220532,-65.03151169866453
TSLA,GARCH,Probability,2024,0.8299,108.33899762226669,BUY,256.6319779069083,248.47999572753906,101.72105464518206,-33.818307545598294,-47.11077768942085,101.72105464518206
TSLA,GARCH,Probability,2025,0.8124,87.0814839025834,BUY,464.8600632081559,403.8399963378906,62.52414813331912,-32.470636629497434,-46.08462603105426,62.52414813331912
TSLA,GARCH,Probability + VaR,2016,0.8754,127.03767364740806,BUY,33.66363292954455,16.000667572021484,7.9133185048791495,-24.391781537163975,-39.85302981597532,7.9133185048791495
TSLA,GARCH,Probability + VaR,2017,0.8526,105.37393232751748,HOLD,32.86120019131444,14.246000289916992,-10.966212967093172,-27.84881618700953,-42.109533905136544,0.0
TSLA,GARCH,Probability + VaR,2018,0.8097,81.72411358507931,HOLD,25.88841774817948,20.75666618347168,45.701711084217756,-32.76668730279646,-44.4623955350753,0.0
TSLA,GARCH,Probability + VaR,2019,0.8354,78.09293964294116,HOLD,36.966156978017,22.18666648864746,6.889354449003355,-27.14982367348814,-40.09336743298865,0.0
TSLA,GARCH,Probability + VaR,2020,0.8019,75.44358512322042,HOLD,38.925083107015226,27.8886661529541,25.700118885476808,-33.281863557146245,-45.61193949638805,0.0
TSLA,GARCH,Probability + VaR,2021,0.7929,74.10341533602676,HOLD,48.555120263955594,235.22332763671875,743.4369946079431,-33.73729631879406,-45.34828107990958,0.0
TSLA,GARCH,Probability + VaR,2022,0.88,121.01611243768926,BUY,519.8814542892445,352.260009765625,49.755559240135774,-22.405853198688906,-38.045513758169115,49.755559240135774
TSLA,GARCH,Probability + VaR,2023,0.899,130.76780675513228,BUY,812.9026986115476,123.18000030517578,-65.03151169866453,-18.21287095620299,-34.61950103220532,-65.03151169866453
TSLA,GARCH,Probability + VaR,2024,0.8299,108.33899762226669,HOLD,256.6319779069083,248.47999572753906,101.72105464518206,-33.818307545598294,-47.11077768942085,0.0
TSLA,GARCH,Probability + VaR,2025,0.8124,87.0814839025834,HOLD,464.8600632081559,403.8399963378906,62.52414813331912,-32.470636629497434,-46.08462603105426,0.0
TSLA,GBM,Expected Return,2016,0.8044,93.40686493822321,BUY,28.677080780195332,16.000667572021484,7.9133185048791495,-37.0847247205058,-50.46755241648738,7.9133185048791495
TSLA,GBM,Expected Return,2017,0.773,76.27340712589789,BUY,28.20492189209095,14.246000289916992,-10.966212967093172,-38.21014084273256,-50.01751197325003,-10.966212967093172
TSLA,GBM,Expected Return,2018,0.7428,62.12428965899015,BUY,23.0962267748456,20.75666618347168,45.701711084217756,-41.40785917532419,-52.009847846666055,45.701711084217756
TSLA,GBM,Expected Return,2019,0.7477,60.469190362842426,BUY,33.30805417093491,22.18666648864746,6.889354449003355,-39.40986711947345,-50.91260603448401,6.889354449003355
TSLA,GBM,Expected Return,2020,0.7273,56.60865495897467,BUY,34.74623996810436,27.8886661529541,25.700118885476808,-42.123731683230965,-52.58778966752905,25.700118885476808
TSLA,GBM,Expected Return,2021,0.7255,54.86515976306718,BUY,43.18982739356081,235.22332763671875,743.4369946079431,-42.3989938416982,-53.00187316191385,743.4369946079431
TSLA,GBM,Expected Return,2022,0.812,89.28361841998701,BUY,445.23922591868256,352.260009765625,49.755559240135774,-34.22496597081739,-46.58154509495205,49.755559240135774
TSLA,GBM,Expected Return,2023,0.8183,95.77739461795034,BUY,689.645469400078,123.18000030517578,-65.03151169866453,-33.992445834500614,-46.136436315106536,-65.03151169866453
TSLA,GBM,Expected Return,2024,0.7572,73.31275105933899,BUY,213.4866472838023,248.47999572753906,101.72105464518206,-41.72268964130086,-53.19097394355512,101.72105464518206
TSLA,GBM,Expected Return,2025,0.7165,61.870513859783316,BUY,402.2158459229351,403.8399963378906,62.52414813331912,-46.20292519628715,-56.49875054768137,62.52414813331912
TSLA,GBM,Probability,2016,0.8044,93.40686493822321,BUY,28.677080780195332,16.000667572021484,7.9133185048791495,-37.0847247205058,-50.46755241648738,7.9133185048791495
TSLA,GBM,Probability,2017,0.773,76.27340712589789,BUY,28.20492189209095,14.246000289916992,-10.966212967093172,-38.21014084273256,-50.01751197325003,-10.966212967093172
TSLA,GBM,Probability,2018,0.7428,62.12428965899015,BUY,23.0962267748456,20.75666618347168,45.701711084217756,-41.40785917532419,-52.009847846666055,45.701711084217756
TSLA,GBM,Probability,2019,0.7477,60.469190362842426,BUY,33.30805417093491,22.18666648864746,6.889354449003355,-39.40986711947345,-50.91260603448401,6.889354449003355
TSLA,GBM,Probability,2020,0.7273,56.60865495897467,BUY,34.74623996810436,27.8886661529541,25.700118885476808,-42.123731683230965,-52.58778966752905,25.700118885476808
TSLA,GBM,Probability,2021,0.7255,54.86515976306718,BUY,43.18982739356081,235.22332763671875,743.4369946079431,-42.3989938416982,-53.00187316191385,743.4369946079431
TSLA,GBM,Probability,2022,0.812,89.28361841998701,BUY,445.23922591868256,352.260009765625,49.755559240135774,-34.22496597081739,-46.58154509495205,49.755559240135774
TSLA,GBM,Probability,2023,0.8183,95.77739461795034,BUY,689.645469400078,123.18000030517578,-65.03151169866453,-33.992445834500614,-46.136436315106536,-65.03151169866453
TSLA,GBM,Probability,2024,0.7572,73.31275105933899,BUY,213.4866472838023,248.47999572753906,101.72105464518206,-41.72268964130086,-53.19097394355512,101.72105464518206
TSLA,GBM,Probability,2025,0.7165,61.870513859783316,BUY,402.2158459229351,403.8399963378906,62.52414813331912,-46.20292519628715,-56.49875054768137,62.52414813331912
TSLA,GBM,Probability + VaR,2016,0.8044,93.40686493822321,HOLD,28.677080780195332,16.000667572021484,7.9133185048791495,-37.0847247205058,-50.46755241648738,0.0
TSLA,GBM,Probability + VaR,2017,0.773,76.27340712589789,HOLD,28.20492189209095,14.246000289916992,-10.966212967093172,-38.21014084273256,-50.01751197325003,0.0
TSLA,GBM,Probability + VaR,2018,0.7428,62.12428965899015,HOLD,23.0962267748456,20.75666618347168,45.701711084217756,-41.40785917532419,-52.009847846666055,0.0
TSLA,GBM,Probability + VaR,2019,0.7477,60.469190362842426,HOLD,33.30805417093491,22.18666648864746,6.889354449003355,-39.40986711947345,-50.91260603448401,0.0
TSLA,GBM,Probability + VaR,2020,0.7273,56.60865495897467,HOLD,34.74623996810436,27.8886661529541,25.700118885476808,-42.123731683230965,-52.58778966752905,0.0
TSLA,GBM,Probability + VaR,2021,0.7255,54.86515976306718,HOLD,43.18982739356081,235.22332763671875,743.4369946079431,-42.3989938416982,-53.00187316191385,0.0
TSLA,GBM,Probability + VaR,2022,0.812,89.28361841998701,HOLD,445.23922591868256,352.260009765625,49.755559240135774,-34.22496597081739,-46.58154509495205,0.0
TSLA,GBM,Probability + VaR,2023,0.8183,95.77739461795034,HOLD,689.645469400078,123.18000030517578,-65.03151169866453,-33.992445834500614,-46.136436315106536,0.0
TSLA,GBM,Probability + VaR,2024,0.7572,73.31275105933899,HOLD,213.4866472838023,248.47999572753906,101.72105464518206,-41.72268964130086,-53.19097394355512,0.0
TSLA,GBM,Probability + VaR,2025,0.7165,61.870513859783316,HOLD,402.2158459229351,403.8399963378906,62.52414813331912,-46.20292519628715,-56.49875054768137,0.0
TSLA,Historical Bootstrap,Expected Return,2016,0.8033,94.45804816290382,BUY,28.832943222092524,16.000667572021484,7.9133185048791495,-34.848723590912975,-47.83766387224277,7.9133185048791495
TSLA,Historical Bootstrap,Expected Return,2017,0.7798,77.76802550818041,BUY,28.444070810910304,14.246000289916992,-10.966212967093172,-36.9921790099601,-49.62677223812429,-10.966212967093172
TSLA,Historical Bootstrap,Expected Return,2018,0.7395,61.36583612464855,BUY,22.988177482144412,20.75666618347168,45.701711084217756,-40.52305681145763,-51.277805776774876,45.701711084217756
TSLA,Historical Bootstrap,Expected Return,2019,0.7492,59.3160355526125,BUY,33.06869767639684,22.18666648864746,6.889354449003355,-38.62812014402972,-49.688716674022395,6.889354449003355
TSLA,Historical Bootstrap,Expected Return,2020,0.7242,55.38377387583311,BUY,34.47447968730521,27.8886661529541,25.700118885476808,-41.5903834495142,-51.781480999258974,25.700118885476808
TSLA,Historical Bootstrap,Expected Return,2021,0.7206,52.739103321057335,BUY,42.59689861022531,235.22332763671875,743.4369946079431,-40.93558687501109,-51.47691235243439,743.4369946079431
TSLA,Historical Bootstrap,Expected Return,2022,0.8118,89.46092091757576,BUY,445.6562827534938,352.260009765625,49.755559240135774,-33.941349481113065,-46.591506706200555,49.755559240135774
TSLA,Historical Bootstrap,Expected Return,2023,0.8294,97.91155961692061,BUY,697.1632792338653,123.18000030517578,-65.03151169866453,-32.290915212937755,-45.38726980723952,-65.03151169866453
TSLA,Historical Bootstrap,Expected Return,2024,0.7519,74.2798889152046,BUY,214.67796769760903,248.47999572753906,101.72105464518206,-42.545169858952086,-53.48448312333082,101.72105464518206
TSLA,Historical Bootstrap,Expected Return,2025,0.7153,61.52777466499638,BUY,401.36420758637195,403.8399963378906,62.52414813331912,-44.62010372526171,-56.09621339693748,62.52414813331912
TSLA,Historical Bootstrap,Probability,2016,0.8033,94.45804816290382,BUY,28.832943222092524,16.000667572021484,7.9133185048791495,-34.848723590912975,-47.83766387224277,7.9133185048791495
TSLA,Historical Bootstrap,Probability,2017,0.7798,77.76802550818041,BUY,28.444070810910304,14.246000289916992,-10.966212967093172,-36.9921790099601,-49.62677223812429,-10.966212967093172
TSLA,Historical Bootstrap,Probability,2018,0.7395,61.36583612464855,BUY,22.988177482144412,20.75666618347168,45.701711084217756,-40.52305681145763,-51.277805776774876,45.701711084217756
TSLA,Historical Bootstrap,Probability,2019,0.7492,59.3160355526125,BUY,33.06869767639684,22.18666648864746,6.889354449003355,-38.62812014402972,-49.688716674022395,6.889354449003355
TSLA,Historical Bootstrap,Probability,2020,0.7242,55.38377387583311,BUY,34.47447968730521,27.8886661529541,25.700118885476808,-41.5903834495142,-51.781480999258974,25.700118885476808
TSLA,Historical Bootstrap,Probability,2021,0.7206,52.739103321057335,BUY,42.59689861022531,235.22332763671875,743.4369946079431,-40.93558687501109,-51.47691235243439,743.4369946079431
TSLA,Historical Bootstrap,Probability,2022,0.8118,89.46092091757576,BUY,445.6562827534938,352.260009765625,49.755559240135774,-33.941349481113065,-46.591506706200555,49.755559240135774
TSLA,Historical Bootstrap,Probability,2023,0.8294,97.91155961692061,BUY,697.1632792338653,123.18000030517578,-65.03151169866453,-32.290915212937755,-45.38726980723952,-65.03151169866453
TSLA,Historical Bootstrap,Probability,2024,0.7519,74.2798889152046,BUY,214.67796769760903,248.47999572753906,101.72105464518206,-42.545169858952086,-53.48448312333082,101.72105464518206
TSLA,Historical Bootstrap,Probability,2025,0.7153,61.52777466499638,BUY,401.36420758637195,403.8399963378906,62.52414813331912,-44.62010372526171,-56.09621339693748,62.52414813331912
TSLA,Historical Bootstrap,Probability + VaR,2016,0.8033,94.45804816290382,HOLD,28.832943222092524,16.000667572021484,7.9133185048791495,-34.848723590912975,-47.83766387224277,0.0
TSLA,Historical Bootstrap,Probability + VaR,2017,0.7798,77.76802550818041,HOLD,28.444070810910304,14.246000289916992,-10.966212967093172,-36.9921790099601,-49.62677223812429,0.0
TSLA,Historical Bootstrap,Probability + VaR,2018,0.7395,61.36583612464855,HOLD,22.988177482144412,20.75666618347168,45.701711084217756,-40.52305681145763,-51.277805776774876,0.0
TSLA,Historical Bootstrap,Probability + VaR,2019,0.7492,59.3160355526125,HOLD,33.06869767639684,22.18666648864746,6.889354449003355,-38.62812014402972,-49.688716674022395,0.0
TSLA,Historical Bootstrap,Probability + VaR,2020,0.7242,55.38377387583311,HOLD,34.47447968730521,27.8886661529541,25.700118885476808,-41.5903834495142,-51.781480999258974,0.0
TSLA,Historical Bootstrap,Probability + VaR,2021,0.7206,52.739103321057335,HOLD,42.59689861022531,235.22332763671875,743.4369946079431,-40.93558687501109,-51.47691235243439,0.0
TSLA,Historical Bootstrap,Probability + VaR,2022,0.8118,89.46092091757576,HOLD,445.6562827534938,352.260009765625,49.755559240135774,-33.941349481113065,-46.591506706200555,0.0
TSLA,Historical Bootstrap,Probability + VaR,2023,0.8294,97.91155961692061,HOLD,697.1632792338653,123.18000030517578,-65.03151169866453,-32.290915212937755,-45.38726980723952,0.0
TSLA,Historical Bootstrap,Probability + VaR,2024,0.7519,74.2798889152046,HOLD,214.67796769760903,248.47999572753906,101.72105464518206,-42.545169858952086,-53.48448312333082,0.0
TSLA,Historical Bootstrap,Probability + VaR,2025,0.7153,61.52777466499638,HOLD,401.36420758637195,403.8399963378906,62.52414813331912,-44.62010372526171,-56.09621339693748,0.0
TSLA,Jump Diffusion,Expected Return,2016,0.8441,139.67024833444435,BUY,35.536706901751806,16.000667572021484,7.9133185048791495,-32.69174803358765,-47.083317257171096,7.9133185048791495
TSLA,Jump Diffusion,Expected Return,2017,0.838,121.79637040702455,BUY,35.48889991563743,14.246000289916992,-10.966212967093172,-32.15250679626914,-45.893259881274986,-10.966212967093172
TSLA,Jump Diffusion,Expected Return,2018,0.8014,100.03166873867639,BUY,28.496512108437635,20.75666618347168,45.701711084217756,-36.01023301589484,-48.63915621842897,45.701711084217756
TSLA,Jump Diffusion,Expected Return,2019,0.8125,94.04822575606056,BUY,40.277942455135005,22.18666648864746,6.889354449003355,-33.73882098016718,-46.73888916212959,6.889354449003355
TSLA,Jump Diffusion,Expected Return,2020,0.8082,97.1586559262076,BUY,43.742933443847654,27.8886661529541,25.700118885476808,-36.0478839300666,-47.68867725703137,25.700118885476808
TSLA,Jump Diffusion,Expected Return,2021,0.7819,84.12076305505195,BUY,51.348824926695094,235.22332763671875,743.4369946079431,-38.592489597468195,-50.74895797125014,743.4369946079431
TSLA,Jump Diffusion,Expected Return,2022,0.8389,125.08722231371685,BUY,529.4576544113837,352.260009765625,49.755559240135774,-31.05844947392946,-45.59571244133334,49.755559240135774
TSLA,Jump Diffusion,Expected Return,2023,0.8608,136.95106522443942,BUY,834.6838454993627,123.18000030517578,-65.03151169866453,-29.192767200646312,-43.66575051705862,-65.03151169866453
TSLA,Jump Diffusion,Expected Return,2024,0.7987,107.82941173390617,BUY,256.00427000807065,248.47999572753906,101.72105464518206,-39.22546616256887,-52.15003602209136,101.72105464518206
TSLA,Jump Diffusion,Expected Return,2025,0.77,90.24389104030237,BUY,472.7180123288474,403.8399963378906,62.52414813331912,-43.58777651644331,-54.090592179926844,62.52414813331912
TSLA,Jump Diffusion,Probability,2016,0.8441,139.67024833444435,BUY,35.536706901751806,16.000667572021484,7.9133185048791495,-32.69174803358765,-47.083317257171096,7.9133185048791495
TSLA,Jump Diffusion,Probability,2017,0.838,121.79637040702455,BUY,35.48889991563743,14.246000289916992,-10.966212967093172,-32.15250679626914,-45.893259881274986,-10.966212967093172
TSLA,Jump Diffusion,Probability,2018,0.8014,100.03166873867639,BUY,28.496512108437635,20.75666618347168,45.701711084217756,-36.01023301589484,-48.63915621842897,45.701711084217756
TSLA,Jump Diffusion,Probability,2019,0.8125,94.04822575606056,BUY,40.277942455135005,22.18666648864746,6.889354449003355,-33.73882098016718,-46.73888916212959,6.889354449003355
TSLA,Jump Diffusion,Probability,2020,0.8082,97.1586559262076,BUY,43.742933443847654,27.8886661529541,25.700118885476808,-36.0478839300666,-47.68867725703137,25.700118885476808
TSLA,Jump Diffusion,Probability,2021,0.7819,84.12076305505195,BUY,51.348824926695094,235.22332763671875,743.4369946079431,-38.592489597468195,-50.74895797125014,743.4369946079431
TSLA,Jump Diffusion,Probability,2022,0.8389,125.08722231371685,BUY,529.4576544113837,352.260009765625,49.755559240135774,-31.05844947392946,-45.59571244133334,49.755559240135774
TSLA,Jump Diffusion,Probability,2023,0.8608,136.95106522443942,BUY,834.6838454993627,123.18000030517578,-65.03151169866453,-29.192767200646312,-43.66575051705862,-65.03151169866453
TSLA,Jump Diffusion,Probability,2024,0.7987,107.82941173390617,BUY,256.00427000807065,248.47999572753906,101.72105464518206,-39.22546616256887,-52.15003602209136,101.72105464518206
TSLA,Jump Diffusion,Probability,2025,0.77,90.24389104030237,BUY,472.7180123288474,403.8399963378906,62.52414813331912,-43.58777651644331,-54.090592179926844,62.52414813331912
TSLA,Jump Diffusion,Probability + VaR,2016,0.8441,139.67024833444435,HOLD,35.536706901751806,16.000667572021484,7.9133185048791495,-32.69174803358765,-47.083317257171096,0.0
TSLA,Jump Diffusion,Probability + VaR,2017,0.838,121.79637040702455,HOLD,35.48889991563743,14.246000289916992,-10.966212967093172,-32.15250679626914,-45.893259881274986,0.0
TSLA,Jump Diffusion,Probability + VaR,2018,0.8014,100.03166873867639,HOLD,28.496512108437635,20.75666618347168,45.701711084217756,-36.01023301589484,-48.63915621842897,0.0
TSLA,Jump Diffusion,Probability + VaR,2019,0.8125,94.04822575606056,HOLD,40.277942455135005,22.18666648864746,6.889354449003355,-33.73882098016718,-46.73888916212959,0.0
TSLA,Jump Diffusion,Probability + VaR,2020,0.8082,97.1586559262076,HOLD,43.742933443847654,27.8886661529541,25.700118885476808,-36.0478839300666,-47.68867725703137,0.0
TSLA,Jump Diffusion,Probability + VaR,2021,0.7819,84.12076305505195,HOLD,51.348824926695094,235.22332763671875,743.4369946079431,-38.592489597468195,-50.74895797125014,0.0
TSLA,Jump Diffusion,Probability + VaR,2022,0.8389,125.08722231371685,HOLD,529.4576544113837,352.260009765625,49.755559240135774,-31.05844947392946,-45.59571244133334,0.0
TSLA,Jump Diffusion,Probability + VaR,2023,0.8608,136.95106522443942,HOLD,834.6838454993627,123.18000030517578,-65.03151169866453,-29.192767200646312,-43.66575051705862,0.0
TSLA,Jump Diffusion,Probability + VaR,2024,0.7987,107.82941173390617,HOLD,256.00427000807065,248.47999572753906,101.72105464518206,-39.22546616256887,-52.15003602209136,0.0
TSLA,Jump Diffusion,Probability + VaR,2025,0.77,90.24389104030237,HOLD,472.7180123288474,403.8399963378906,62.52414813331912,-43.58777651644331,-54.090592179926844,0.0
